fname,summary
test_0,M Mrr M에게 r에게 Merr Mer 에게re M합니다. r Msr합니다. M의 합니다.에게에게에게합니다.합니다.rs e Prer s M 전화 의 Mr P N 은 설명 위해 는 M에게합니다.합니다. 은 M에 B 는. 이
test_1,은 은 과 는에게 이 C에게 에게에게에게 은에게 는에 는 은 는 이 과 가 에 가에 과 이 가에에게에 은에 는에게 이에 이 은 은 는의 는 교통에 과에게을 S에 가에게는 대해 의 대해 의는 교통
test_2,M 은 은 는에게 S C에게에게 에게 M에게e에게에게 J에게는 Mee 는 Mane M는에게 는 Jeer 는에게 은e Mere는 Jan는는 은 Mianer에게eran anan에게은 은에게oe는 은에게ier M에에게ani
test_3,B 은 에게 는 과 M에게에게 에게에게 은에게 B에게e 은 B Me에게 M 는 이 과 e 은 은 은 B 은e 이에게 는e B My에게 과ee B Mane 는 은 는an 는 Jean 은 이 은는에게 이e 이는 은 과 은an
test_4,은 은 은에게 에게에게에게에 는 는 는 의 이 의 이 의 이 과 과 과 에에에에게 대해 대해 대해과과 합니다.합니다. 한다.한다. 과합니다.한다. 가 가 가 을 의 설명 런던
test_5,은 은 은 은 과 과 는 는에게에게 은에게 에게 이 는 이 의 과 의 이 의 설명 설명 가 가 를 를 가 는 은 는 는에게 는 이 은 과 는 과 은 설명 은 이 는 설명에게에게에 합니다. 대해 에합니다. 설명 는 의 은 의에게 설명
test_6,은 은에게에게 는 는 과 과 가 의 이 에 와 을 를 약 진 B 스에게 은 에게 은에게에게 는에게에 가 의 이에에게의 대해과와 에 위해 이야기에게과에게 의에게 가
test_7,은 은 은 은 에게 은에게에게 는 은 는 는 이 은 이 과 의 가 을 와 에 를 부 D에게에게 에게 이에게 는에게 의 이 이 의에게에 는 가에게의 에에게을 에게 가 의 은 의 가 세탁에게
test_8,은 은 에게 는 과에게 는 과 이 의 스티에게에게에게 는에게 은에게 과에게 이에게 결혼에게에 대해 결혼 에에게 대해에게합니다.에게다.에게 이야기에게다고에게는 다. 합니다. 이야기 말 은 는 대해 은 는 대해 결혼 대해 은 대해 대해합니다.합니다. 결혼합니다. 대해다.
test_9,과 과 는에게 대해 는 은 과 은합니다.합니다. 은 은 는합니다. 대해 은 과 은 합니다. 의 에게 은 는 는 는 은에게 는 생각 는 은 의 는 설명 은 대해 는 과 과 과 의 은 설명 생각 이 설명 는 의 과에게 의에게 과합니다. 는 이 은 생각 은 이 는 대해합니다. 과 설명합니다. 이야기합니다.다.
test_10,은 은 은 은 는 는 은 는 는에게 에게 은에게에게 의 의 은 의 이 이 은 이 과 과 은 과 이 의 과 가 에 을 중국 를 와에서 인터넷 에서에게에게에 가 에 중국 을 를
test_11,은 은 은 는 는 는에게에게 에게 은에게 M에게rr Mr에게에게anr 은 은 Marr B에게 는r Man B 의 r 는에게 Me 과 e 은 이 Jrar 이 은anan 은 는e에게 Bre 의 은r B 은ar 은의 는 은e
test_12,은 은 Tonone에게 B에게에게 e 에게 B 에게 B M에게 은는 은에게는 S Te에게 Meon 는에게 T에게e 은 B B Bee B 은 은는 Mon은 이 는 Man 은 이 는 과 S에게 이e는 은 M
test_13,에게 에게에게 은 은에게 은 는 는 과 의 가 과에게에게에에게 가에게와에게 는에게 이 에 이에게 의에 은 가 기 기 에서 과 대해 와 합니다. 다.에게 기에게합니다.에게 대해에게기 는 이 기기에게과에게다. 수 기로
test_14,은 은 은 에게에게 는 는에게 는 은 은에게 은에 과 에에게에게에 과 이 이에게 과 은 는 의에게을 합니다. 대해 을 의 은 과에게합니다.합니다.에게 는합니다.에 은합니다. 은 이 은한다. 가 한다. 은 의 이야기합니다.한다.합니다.합니다. 과 이 대해 은을
test_15,은 은 은 은에게에게에게에게 에게 M에게에에게e에게 은e M에 는에게 J에게i에게 는에 Mar에게는에게 D에 Me M i 는 에 은에 M는 Ma에게 T에게와에게ae 은 Mie는 J에 Je에는 은 는 J는는에에 는e
test_16,은 은 은 에게에게 는 는 이 이 은에게 은 은 는 은 이에게 는 이 과 의 가 에 을 를 와 비 B 진 약에게에게 는에게 이에게 과에게에 에 과 의 가 과 의 가
test_17,에게에게 은 은 는 과 이 의 가 에 과 는 이 의 가 마이에게에게에게 은 은에게 는에게 과에게에 이야기에게 대해에게 이에게 이야기 이야기 대해 에에게 가에게과 과에게 의에게와 합니다. 다. 결혼에게다.에게합니다.에게 결혼
test_18,은 은에게 는 이 과 가 의 을 에 약에게에게 은 에게 은 은에게에게에에게 가에게 이에게 는에게 과에게합니다.에게 의에게과 가 이 는 의 합니다. 과 에합니다.에 대해 과에게의 설명 위해 을 을 으로 약
test_19,"M에게에게에게 에게에게 M M 에에게에 으로 합니다. A, 이 는 은 하고 위해 의. 과 설명 의에게합니다.합니다.합니다.에게,에게으로에 는에게 은합니다. M합니다.에 M,합니다. M에 는 은에게 A에게 이에게하고으로에게가 T 로"
test_20,은 은 은 은 은에게 은에 에게 에에게에게에게에게 이에 이 가 의 는 이에게 의 은의 소 합니다. 대해 은 이 은 의에게에 은 대해 의 의 가에게 가에 이 는 은합니다.에 이 는에게 는 대해에게합니다.합니다. 은 가 은다. 설명 직에 의 의
test_21,"은 은 에게에게 는 의 과 이 가 컴퓨터에게에 설명 의에게에게에게 설명에게 의 설명 에 는 컴퓨터에에게 는에 설명 은에게 이 이에게 은에 설명에 은 는에게 컴퓨터 설명의 대해 직 위해 M 설명 설명 은 설명 는 설명 의 설명, 학 공 의"
test_22,"은 은 은 은 는 에게 이 의 과 가 와 에 을 를 로 미 부 세 으로 , 조 스에게 은 는 은에게 는에게 는에게 는에게에게을 이 주문을에게 이 이에게 의 의 이 의 은 이 은 의"
test_23,은 은에게 에게 M에게에게에게 은e 는 이 는에게 이 M는 이 은에게는 는에게 는합니다.는 는 S B에게의 T에게e에게 B B S에게은 합니다. 은에게 M합니다.합니다.에게 S는 은 이에게 T합니다. M e은합니다. 은 은 는
test_24,는 은에게 과 이 의 대해 자동차 가 직에서 공에 에 지 를 대한 설명 유 부 위해 을 진 컴퓨터에 는 은 에게 과 이 의 대해 가 자동차에에 는 은에에게에 대해에 은의에게의의
test_25,은 은 과 은 과 과 은 과 은 과 은 는 과 는 는 는 은에게 은에 에게 과에게에게 의 은 의 과 이 은 이 이 과 의 가 은과 을 에 에 은 가 과 은 을 은 에에 과 가에에게 는 의 이 가 과 을에 의 이 가 을
test_26,에게 은 에게 은 과 과 이 이 는 는 가 가 의 의 에 에 아이 와 을 소 로 부 다 스에게에게에게 은 은에게 과에게에 소 을 부 이 에에에게 이에게과
test_27,M Mri Marian Miie M는 Mai는는. Mani Jiae는e.는 Jee Jaaan는은 Mea M에 Msi..은는 M.e은. Jaraar Mer Mke 는a는i은 Janan. 은은 J는s Moear는는 Bei .
test_28,은 에게 는 이 A 과 의 D에게에게 은 은에게 에게 은 은에게 이 이 이 은 이에게 는에게 의 는 의 은 는 은 의 는 의 이 이 는 이 의에게 가에게에 가 은행에게 가 은 가 은에 은 가 은 은행
test_29,는 은 과 에게 의 는에게에게 는 는 는 는 은 과 은 는 과 는 의 이 가 대해 와 이야기에게 은에게 은에게에게에 의 대해 이에에게 의에게 대해에게 이 는 대해 의 대해 는에 설명합니다. 설명 에 는 설명에게합니다.합니다.에게 설명에합니다.
test_30,"M Mrr에게 Monr Merr Mira Mar L Me M에게에게ri Marr 에게 r B M. M합니다.r Jron Ms Melr Prer Mor합니다. M, Manre L e에게 Lr. Brar M는 M 합니다. 에게ai.에게er 은 Mk Mh a"
test_31,은 에게 은에게 과 이 는 가 의 D에게에게에게 이에게 은에게 의에게 는 이 과 는 은 은 은 이 은 는에게 과 은 과 이 는 과에게 가 가 은 의 의 은 가 의 가 이 이 과 이 는 이 가에게 D D 에 에 D의에게
test_32,은 에게 는 은 은 은에게에게 은 과 은 는 은 과 이 의 가 을 에 와 를 대해 공 약 에서에게에게에 설명 학 은 의 는 과 의 은 이 은 가 은 을 은 에에게에게 는에게 의에게 이에게 과에게 가에게 대해에게 설명에게 을
test_33,는 은에게 과 는 은 는 은 M에게에게에게 에게 Mi에게 Jii Mrr Jri Mer에게 Bie B에게ir Je B 는에게는 과에게 는re에게 은r B Man A Tr B는 Mai Jari M
test_34,M Mrr Merr Mir에게 Me 에게 re M합니다.합니다. M는 는 M에게r합니다. 합니다.rra Mar Trer Marr. M. er는에게에게합니다.e에게에게는r Jri Man합니다.합니다.에게 T합니다.er.r은 J합니다.i 은 M er에게a합니다.는 T
test_35,은 은 은 은 은 과 은에게 에게에게에게에게 은에 는 이 과 에 은 는에게 는에에게에 는 는 은 이에게 이 과에게을 의 가 합니다.에게 과에 이 은 가에게합니다.에 이에 는합니다. 을에게 가에 의에 과합니다.합니다. 는 이 는 는 이 가 은 의 은합니다.
test_36,C 는 은에게에게 Maran Man에게에게anan Maan M는 Me Mran는 에게는에게 는는ane 은 M에게e에게 은anr Monan 은 anae는는 은는ean Tan의 Menan합니다. M합니다.an은 Mianar 합니다. 은 Ban에 M에 e
test_37,은 에게 는 과 이 의 가 대해 을 이야기 공 와 를 에 에 고 에서 설명 전 말 과 새로운 진 있는 한 에게는에게에게에게에게 는에게 은에게 대해에게 설명에게 이야기에게다고에게합니다.에게 이에게한에게에서에게의 합니다.
test_38,M 은 M 에게 e Mee M는 M에 Mie에게 M에게e는 은 Mar Mae에게에게는에게 은 B B M은 Jei 는 이 는 은 은e 은에게 과 에 은 M의 Mre B에게는e 는 M.. M합니다.e에게 Be에
test_39,T 은 은 은 은 는에게 T에게 M에게에게 에게 은r B S에게 Trr M의 이 는 Mr 는 T의 B S A B 이 이는 A erer 은에게 는에게의에게e Sr에게 Me 은 는 은 M는
test_40,은 은 은 은에게 은에게 에게 이 는 이 은 는 는 은 이 가 가에게 는 이 가 은 가 펜에게에게 는에게 이에게 가에게합니다. 펜 의 합니다. 의 의에게 의 은 의합니다.에게에게에 에에게을 으로 습니다. 주 를 주 을
test_41,은 는 과 은에게 에 은 에게 은에 은 은 은 는 는 은 이 이 은 의 의 은e 과 가 을 B 은r 은에게 는에게 이 이은 는 은을 은합니다. S에 의 의 는 는에 는e 은은 은의 은는 합니다. 은하고 은한다. 은 과
test_42,은 과 는 은 과 에게에게 는에 이 의 가 을 에 와 를 인터넷 이 의 가 직 직 을 에 은 은 과 은 는 은 과 은에에게 는 에 은에게에게 과에에에게 는에게에 는의 과 에서 직업
test_43,은 은 은 은 과 는 과 는 은 과 은에게 는에게에게 에게 은 는 의 과 의 은에 이 의 이 은 의 는에게 는에 은을 가 가 은하고 은 이 는하고 에 에 는을 은 가 합니다. 을 은한다. 은합니다. 는 는합니다.에게에게에 를 을 는 과
test_44,은 은 은 은에게 는 는 은에게 에게에게 는 는 과 은 과 과 과 이 이 은 는에게 은에 의 가에 의 가 에에게에게에 은의 집을에게 집을 대해합니다. 을과 위해이은에게 이에게의에게을 합니다. 은 의 은을
test_45,M M M Mrr Mer M에게 M의 Marer Ler L의 Lr r Lar Mi Me L M합니다. M는 M L합니다. Le M에 M. M은 M Gererr에게 에게rer에게 Li L. L은 L에 G의r의 합니다. Ber의에게에게er합니다.의 Gr합니다.에게합니다.합니다.r G합니다.er B의
test_46,L 는 L에게 에게 은 은 은는는 은 은에게 은 는 은 과 는 는 과 은는 과 과 에게 B 은an에게는에게에게에 는에게 Lanan는는 L는은 은 B Man에는 Ban은는 과에게ani는 M는에은에게은 B L
test_47,M Mrr Me Mar Merr는 Mare 는 . Mane는는. Jran Mie.는rer..r Jae Jeeo M. Jere은 Mse에게 Moes Monea Men M는 Jarr은는은 r는e.은.o 은ro는r
test_48,과 과 은 는에게 은 는에게 이 의 가 에 부 와 을 비 공 를 대해에 고 전 다에서 약에게 과 은 는 에게 은에게에게에 가 이에 가 이에게 대해 에에게 는에게 과
test_49,은 는 은 는 과 과에게 은 는 은 은 과 은 는 과 는에게에게 이 M에게에게i에게 는 는 Mii J에게 M Me 에게 은에게 과 Mrr B Jie B Jri B에게ei는 의는에게 Jer 는 은 M
test_50,에게에게 은 은에게 가 이 는 의 은에게에게 은 은 은 호텔에게에 호텔 항공에게 호텔을 전화 로 에 호텔합니다. 을 이 전화 은로 은에 은합니다. 은 항공합니다.합니다. 항공을 은을 호텔 안내합니다. 예약합니다.에 전화합니다. 항공 안내을에게 전화 안내 합니다.에게 항공
test_51,은 은 은 은 에게에게 은에게에게 이 이 는 가 은에 의 과 에 는 이 는 가 가 의 의 은을 은 는 은 이 은 가에게에게에 은 의에게을에 버스에에에게 이을 버스 을에게 는에 이에게스를 버스 버
test_52,"은 은 은 는에게 는에게 는 에게에게에에게의에게과 에에 과에게에서에 는에에에 의 가 의 합니다. 의에게합니다.에게 는의 의과과 가에게 대해에 은에과 는에게 은합니다.에합니다.합니다.의 는을 이 대해 에서 와 과,"
test_53,L 은에게에게iani에게에게 에게는에게 Manan에게ane에게aan Mii an Mei는 는는 M에게ean는e ie M는ai합니다.i M합니다.는an합니다.에게에게에에게합니다.합니다. e는 a는합니다.ana합니다.e합니다. M한다.는는iaee M의에게은 합니다.
test_54,은 에게 은 은 은에게 은 과 는 가 이 에 의 D 와 로 을 M에게에게에게에게 과 은 는 는 은 과 과에게 는에게 가 은 가 이 은 이 가에게 에 은에 에서에게 이 가 는 과 이에게 의 은을에게에서에에게에에서
test_55,에게에게에게 은 은 은 는 과 는 과 가 의 이 을 를 에 와 에 부 전화 의 에서 서 도 약 두 세 한 진 공 가 초 에서에게에게에에게 은에게 는에게 의에게 이에게 가에게의
test_56,은 은 은 는 은 은 는 이에게 과 의 가 에 는 는에게 에게 은에게 이 이 은 이 과 은 과 과 의 은 의 의 가 가 은에 은 가 을 을 에 를 은 을 에 은의 를증 를 증
test_57,M Mrr Mir에게 Monr Mar Jron Me Msra Merrs M에게ri Mh M. Morer Mk M는 Manr L Marre에게 Jiioni에게에게onon Jonaoneran Micro Mobrar M 전화rhr.r A M합니다.i 에게 i Je r
test_58,에게 은 과 는 에게 ic에게에게 에게 S에게eican e에게는 an에게anicee S 는는에게 은icici 은 i에게ican Sic는ane는는an는e는 은에게a에게iaic a 다. 는i 은aanan
test_59,은 은 은 은 는에게 과 J에게에게 는 은 는 는 과 은 과 과 에게 은에게에게에 이 이 이 에는 는에에게e 가 은 가는에게 는에 는 는에게 과에게는 은에 은 이에게을 e 은는에은 을은 은은
test_60,은 J에게에게에게 에게 J에게 은 Ji에게 은에게 는 는 는에게 과 J e 과에게에에게 학에게i 는 B 에 은 과 은 은 은 는 는 은 과는에게는 은 J 학 과 는 학 학에 은에은 y M에게e에게은 은는 B에게
test_61,은 은 은 은 은 는 는 는 는 은 과 은에 에게에게 은에게에게 과 과 이 은 의 은 이 의 에 은을 에에 은 에 가 을 대해 여름에에게에게에 는에에에 과에게을 이 의 가 은에서 은이 은 대해에 의에게 과에 이에게 는
test_62,은 은 과 과 은 과 은 은 는에게 는에게 은에게 과 에게 이 의 은 는 과 과 는에 는 이 의 의 가 에 은에 과에게에게 는에게 과에 이 은 의 는 은 이 가에 가 는 는 의에게에에게 의 에 와 에 은 가 은을
test_63,은 은 은 은에게 에게 A 과 A 이 이 과 는 는 은에게에게 은 A A 은ar에게에게 M에게a에게 는에게 D에게araaarar에 D Ma는 는에게 과에게에에게는 Mar는 은 는는 는 M에 은a 의 에서 은
test_64,은 은 은 에게에게 는 과 이 가 의 에 와 을 아이 부 를 지 자 고 초대에게에게 은 은에게에게에 에에게 이에게 는에게 가에게을 다. 대해에게다.에게 과에게의 생각 의에게 대해 고 이야기에게기를에게
test_65,은 는 과 J에게에게 은 은에게 은 은 는 는 는 은 과 과 과 은 Jan에게 에게 Jo에게에게 는에게 과 는 는 과에게an J는에게는는 는 Je는 는 J와에게와an와와 Jio 와 oooanoo J
test_66,"은 은 은 는 는 는 과에게 이 의 가 에 컴퓨터에 에게 과 에에게에에에게에게 은에 은의 의 이 과 합니다. L에에 는에 이에합니다.에과 이합니다.과합니다.과에게에,,,에게합니다.합니다.에게"
test_67,"은 은 에게에게 은에게 에에게에게 은에게에 는 는에게 는에 는에 이 의 대해에게의 가에게합니다.에 은에 는의에게, 합니다. 는 은 M합니다.합니다. 대해 L합니다.의 이합니다. 은 는 는합니다. 는 은 은합니다.을 J합니다.에게 대해합니다.,합니다.에"
test_68,은 은 은 은 는 은 는 는 과 은에게에게 과 에게 는 과 의 은 과에게 은 의 이 의 이 은 이 가 가 은에 을 에 와 비 를 약 부 그 에 을 에 와
test_69,에게 은 은에게에게 는 는 이 이 와 와 은 는 이 와 M에게에게 은에게 는에게 J에게 Mi에게 L에게 이에게 D에게iir J에 Ji에 Jari Js에게a에게ri L Jr ai M에 M Ja에 Mr에 Ma
test_70,은 은 는 과 에게 의 이 가 와 공 에 자동차 을 를 약 부 대해 진 초 컴퓨터 는 은 는 과 과에게에게 의 의 이 이 가 가 와 와 공 공 에
test_71,M 은aar Mra Maarr Maraer Mer rr R Rrar Me 에게 Moaer는 는 Mir에게rerr은 Tro 은 M는re R Rea Rao는 Rera는에게 의r의 or합니다. Ba합니다.r 은 은ri e M합니다.
test_72,은 은 은 과 과 과 는 는 는에게 에게에게 이 이 이 의 의 의 가 가 가 은에게 은에 에 부 를 을 에 에 부 를 을에 에 부에 은의 세일 피 비 은 는 은 은 과에
test_73,M 은 는 Mar에게 에게에게에게 에게 는에게 M의 는 M에게arar 이 은 의 는 과 의에게 은에게 이에게는 이 M에에게에 은 에 Me에게은에게의 M는 는 은 이는 M J에게합니다. 합니다.에게 의에게e B 직 설명
test_74,은 은 은에게 에게 는 는 과 과 의 이 가 을 를 에 와 약 인 조 부 세 해 진 소 입 스 등해 직에 의에게 는 은 은에게 은 는 과 이 의 이 가
test_75,J 은 에게 M에게an에게 ane 에게에게는 는에게에게 Me는 B 은 M에 e에게 은e는 M는는 Mie 은 은에게 Be에은 은an J에에게e는 은 M 에 M은에게 Jee Man는 B에 은에는은 은 은는
test_76,은 은 은 에게에게 는에게 는 는 과 과 과 은 은에게 은 는 은 과 이 의 가 와 을 를 에 부 약 스에게에게에에게 는에게 이에게의에게 의에게합니다.에게 과에게을에게 가에게로 에 이 이 는 이
test_77,에게 에게 은 은 는 는에게 은 는 과 이 가 의 에 와 을 를 M에게에게 은에게 는에게 의에게 이에게 가 의 이 과 가 의 은 은 는에에게에 에게 설명 설명 에서 에에 이 가에게의
test_78,"Mrr에게에게에게에 에게에게 에 M에에게,에게는 M합니다.에 M의 는는에게 M에게합니다.합니다.는는 M는는 설명에게e합니다., 합니다. 설명 의 은 은 e 는 의에게 설명합니다.e에게 의합니다.에게 은합니다. 설명합니다. 설명합니다. 설명 M, 은에게은"
test_79,은 은 에게에게 은에게 는 가 이 의 과 와 에 약 을 도 를 로 에 진 조 에게는 부 M에게에게 은에게 는에게 가에게 이에게 의에게 약에게의 으로 전화 합니다. 확인 설명 계약에게에 가 는
test_80,은 은 에게 에게 는 이 과 A D B M C L 의 S 가 G에게에게에게 은에게 이 B 는 이 은 은 은 이 이에게 는에에게에 C에게 B에게의 에 는에게 의 의에게합니다.에 은의에게a에게 C에합니다. 가
test_81,은 은 에게 는 이 가 과 의 에에게에게에 에에게에게에게 이에게 는에게 가에게합니다. 의 합니다.에게 은에게 의에게을 대해 에서 을에게 과에게의에게 대해에게를 설명 과 가 와 입니다. 습니다. 으로 를 은 이 이 는 는
test_82,은 은 은 은에게 에 이 에게에게 은에게 는 은 이 은 는 의 은에 은합니다. 가 과 합니다. 은 가 은의 은 의 이 이 는 는에게에게 이에 의 방 은을 을 위해 의 방을합니다.에게 는 의합니다.합니다. 가에게에에게합니다.합니다. 는 이 이에게
test_83,M 은 는에게 M에게에에게 에게 M에 Mrr Mar J에 L Mir에게에게 J의 Mara Mer Me M는 M의 은 M 호텔e D M을 M 는 Mon합니다. M은 Man합니다. 은에게 J합니다.에게 은에 L에 Je에 은 는 M. M M
test_84,은 은 은 은 는 는에게에게 는 은 는 에게 은에게 이 과 의 가 에 와 를 을 에서에게에게에 중국에서에 이 의 가 에 이 의 가 과 과에게 는에에게 이 은 이에게 의 은에
test_85,M M에게r에게 e 에게 에게에게e에게에게 Me 은 이 은에게 은 M 에 합니다. 는 는에게에에게 이에게합니다.에게 는 J에게는에게의 r 은 i에게i합니다. 이 M합니다.합니다. 은 은 Mr합니다. 은 이합니다. M에는 는에 Me M
test_86,"은 은 은 는 는 는 은 은 는 에게에게에게 은에게 과 과 과 은 과 이 이 이 의 의 의 은 이 은 의 가 가 가 은 가 는에게 는에 부 에 부 은에 은을 구매 과 을 를 이 합니다. 와, 주 구매"
test_87,M Mrr Me Mir Mor는 M은 M는 r에 Marr은 은 M합니다.r 은 은r Rre R M에 Tr합니다. 는은 은은은는 은rr에게 er B B M 에ri 에게 M 은에은 은 은은에게rs Lr Jr을 M는r T은
test_88,"은 는 은 는 과 과 에게에게 은 는 은 은 은 과 은에게 의 이 가 에 를 대해 와 을 중국 , 에서 의 이 가 에 대해 를 중국 와 을, 에서 대해에게 는 대해 대해 는 는에게 대해"
test_89,은 과 은 과 에게 는 이에게 은 은에게 는 과 는 이 가 가 에 에 의 에 이 은 는 은에게 은에 에 의 의 의에게에게의 가에게에에게리 대해 과 카 에서 를 와 전에 은의 은 이
test_90,"은 은 에게에게 과 과 의 는 이 가 와 에 을 , 오 를 아이 에서에게 은 은에게 은에게에게 과 과 은 과에게 는에게 의 는 의 는 의 은 는 은 의에게 이 이 이 은 이에게 가에게 와 가"
test_91,에게 은 은 이 는에게에게 은 는 의 이 의 가 가 과 과 차량 이 는 의 가 과 차량 에 항공 을 차에 항공에게에게 은에게 이에게 는에게 의에게에 합니다.합니다. 에 항공
test_92,은 에게 는 과 이 의 가 에 비 부 을 피 엘리에게에게 는 은에게 는 는 는 은 은 는 과 과 과 는에게에게 은 은 과 과 은에게 과 이 은 이 이 이 는 의 은 의 의 의 는 대해에게 의에게 이에게 대해 대해
test_93,"는 는 은 과 에게에게에게에게 는에게 의 이 은 는 은에게 은 이 B M의 과에게 이 이 는 는 은 은 는 이 은의에게 과의 과 D의 는 Mr의 은 이에게 M에, 의 는 L Dr I의 과 는에 M 은"
test_94,은 은 은 은 에게 은에게에게 에게에게 가 가 가에게 가 이 는 이 은 이 는 은 가 은에 이에게 이 의 의 는 의에게에에게을 에 지 도 과 합니다. 을 를 돈을 을에에게 는에게
test_95,"은 은 은 은 는 Mee 에게에게에게 B 는에게에게에 D Le B 는 M에 T에에게의 과 이 은 Te에 은에게 은에 B 은e에게 는에 는의 과 이 Lr 의 합니다., 는 Ge 는 은 는,"
test_96,은 은 은 과 은 은 과 과 은에게에게 에게에게에게 B에게에에게anan에게 Lanr에게 Manon Bane Mran Lrr an B rar에게 은an Mir Bre에게ara e Marr Me B Maan Lari. 는 aaar
test_97,"은 은 은에게 는 Terer에게에게에게 er 에게 Meronon Mronr W oner Maer Me Jon의 L C D에게er합니다. Mon합니다., M합니다.합니다.에게 J합니다.의 Mi합니다.e M, 는 r합니다. Jrr Ms합니다. L합니다. Ler"
test_98,은 은 에게에게 은에게에게에게 이에게 는에게 이 는 는 은 은 은 는 이 은 이 과 가 의 에 을 캐에게에에게로에게 가에게와에게 의에게합니다.에게 과에게의에게 전화에게 수에게 M에게을 M에 수 전화를에게 을에게에게 에에게 전화를 에 가
test_99,은 은 은 은 은에게에게 은r에게에게 에게 M에게 는에게 Me에게 이 Monon 는 B 이 은 는 은 Mron에게 과 e 과에게. 은 이 는 M. J에게e Maonr o Ce 은 과 은e 이 Mane 는 Mion. Mic에게
test_100,은 은 과 는 과 는에게 에게 은 과 는에게 이 의 가 와 다 부 에 전 대해 를 차 D에게에게 과에게 대해에게 는에게 은에게에 대해 이 의 가 전 와 에에게의 에서에 대해
test_101,은에게 이 는 가 A에게에게 은 에게에게 은에 이 는 가 A 의 M에게에 의 전화에게 이에 은 은 이 은 는 은 이 는에게 는에 은합니다. 합니다.합니다. 은에게 가에게합니다. 가 은해 기로 기 전화 을 알려 해
test_102,J에게 M에게에게ee에게 Ma에게 e 에게 Jeo에게 은e 은 M는 은에게ae Me 은 Mi에게 은 은 Man에게는 Mele에게 이 M은 J에게ane는 은 Jai 는에게은 M합니다.e Jia는는 Janaaan 은 은
test_103,L 은 은 은 L에게 Ler 에게에게에게에게 Mi Me에게 Li M에 B에게ii에게 은에에게에 M에게e 이 Ji에 Le Mer에게 이에게 B에 은i Mari L에 이i 은e 은에게 J에 B 는 e Lar에 Bie 이 Man 에
test_104,은 는 은 는 에게 과 에 의 이 가 에 의 대해 중국 과 합니다. 와 설명 비 를 위해 을 이 추천 한 입니다. 인터넷합니다. 의에게 이합니다. 는 은 의에게 이합니다. 는 는합니다.합니다.에 대해 중국 가
test_105,"M 에게 은 M에게에게 Mar에게에게 e Mir Mei 에게 은 은 는 Mri M는 M에 과 Manar Mai 는 는에게에에게e M. M, M 에 은에게 는 과 are는. 는 은 B에게는에 M와 B,"
test_106,는 는 는 은 은 과 과 은 과에게 에게 의에게 의 의 는에게 는에 는의 이 가 이 는 은 는 는 과 은에게 과에게에게의 는 의 과 과 는과 대해 대해 설명 에 의 설명 가 는 대해 는 이 이 은 은 의 은 과 의에게에
test_107,은 은에게 M 에게 는 M 는 은 은 은에게에게 은 는에게에게 는 는 이 이 은 M에게r B 과 D B Mon에게 Mrr에게 W에게onr D에게aron e에게 Bonon B에게 Doner에게e Jonan에게 이에게 Jr D
test_108,은 은 은 는 는에게에게 는 에게 과 이 의 가 을 와 를 에 도 약에게에게 은에게 는에게 가에게 이 가 이 가 이에게 의에게 과에게 을에게 를에게에 의 과 의 은 은 는 은 이 은 가 은에
test_109,은 은 은 은 는 은 는 과에게 은 과 은에 에게 과 는 가 에에게에게에에게 는에게 는에 가에게을에 은에게에 는을 이 저녁에 가에에 이에 저녁 합니다. 의 파티에합니다.에 의에 과 가 이 저녁에게합니다.합니다. 은 가 은을합니다.
test_110,은 은 과 과에게 은 과 에게에게 는 는 는 은 과 은 은에게 은에 의 이 가 식에게에게 과 과에게 는에 이 의 이에게 이 의 가 에 가에게에에게의 대해 을 식에 은 는에게 의을 식 을 합니다.
test_111,"은 은 은 은 Cr 에게에게 B Mrr에게에게에게 은 M에게 Merr C A r Me 는 Prer S Lr C B Ci 이 y e A Mir 은에게 B에게 Ce Myr P Ter M,. J"
test_112,은 은 은에게에게 이 이 가 과 는 의 에 와 을 호텔에게 에게 은 은에게에게 이 이 은 이에게 가에게에 가 과 는 의 우에게을 에에게 과에게 호텔 가 은에 는 과 우 을 에
test_113,J 은 M에게aaan 에게 은 에게에게 은ai 은 은에게에게ian 은 B Mana 은 B 은iar 은 Maaran B에게ani 는 이 Ja에게 은 는 은 이 이 은 가 anan에게ari B Ba a 는 가 은r 의 은an
test_114,에게 은 에게에게에게 는에게 은에게 이 과 이 은 는 의 이 은 는 과에게 는 이에게 과 의 가 대해 에 을 와 약 에 를 진 공 에서에게 대해에게 의에게 가에게합니다.에게의에게에에게 이야기에게 설명에게 전에게 시간을
test_115,"은 은에게 에게 은에게 이 는 의 가 과 와 에 를 을 부 약 도 세 로, 두 스에게 은에게에게 이 이 이 은 은 이에게 는에게 의 의에게 가 는 가에게에 구매에게에게 구매"
test_116,은 은 은 는 는에게 는 에게 이에게 이 의 의 과 과 이 의 과 가 을 와 를 에 부 차 가 가 은에 을 을 와 를 에 부에게 은에게 는에게에게에
test_117,은 는 과에게 이 가 의 에 은 는 과에게 이 가 의 에 해 와 을 를에 아이해 약에 해 와 을 를에 은 는 과 에게 이 가 의
test_118,은 은 Jrr에게 에게 Mr Mee Jer에게 Mi 는 은 e은 는는 는e 는 은 J합니다.r M합니다. r 은 M은는합니다. 이 합니다.합니다. Pe합니다. 은 은 는합니다.e 는 M 에 Pr합니다. 는 은은 M
test_119,은 은 은에게 에게에게 는 과 이 가 의 와 에 을 부 를에게는에게 은 은에게에게에 는 과 이 가 의 와 에에게 는에 는에게 이 이에게 가 가에게의에 대해 대해에게 과에게 의에 는
test_120,은 은에게 는 의 과 이 가 강에게에게 에게에게 은에게 의에게 는에게 가에게에 의 는 가 과에게로 는 은 의 가 이 이에게 이 과 에에게에게 과에에 은 은 는 은 의에 은에 는 는 의 은 가 은로
test_121,은 은 은 은 은에게에 에게에게 과 은 이 은 과 과 이 는 은 의 은 가 은에에게에게에게 은 는 이 과 이 는 의 의 가 가 는에게 과에게 이에 은의 을 은 을 을 에 의에게을 에 은 은에
test_122,은 은 는 는 과 과 의 의 에게에게 이 이 은 는 과 의에게 이 가 에 에 자 대해 가 가 자 에 대해 을 그 부 을 그에 부 를 비 와
test_123,에게에게에게 에에게에게 은에게 이 은 은 이에게 는에게 전화에게 연락에게에 전화 합니다. 는 의에게합니다.에게 의 가 할 연락 으로 위해 요청에게 가에게으로에게 요청 을 습니다. 에게 위해에게습니다.에게 전화를에게할에게 대해 설명 하고 전화를 을 수 알려에게 을
test_124,"은 은 은 는 는 은 는 는 에게 과 과 이 의 에 가 을 와 를 은에게 은 은 과에게에게 이 이 의 은 이 은 의 의 과 은에 에 에 가 가 을 를 와 모 , 은 가 는에 주 모"
test_125,에게 은 에게 은 은 D에게에게 Manan에게 M에게ean Mee Maran Maane에게는 M에 M는에게 Jei Mie 는 Danar Mone는는 Jani에게 De에에게ae J에게에 Jianaare는ai a에는 Dii는 J
test_126,과 과 과 은 은에게 은 과 과 은 은에게 에게 는 과 가 가 가 과에게에 가 는 디 는 디에게에게 과에 과을 이 디 에 에 이 과 는에에게 은에게 가에 이디 과 이 은 가 은을 디에 은에 는디 에 과과
test_127,S 은에게에게s에게e에게rs 에게 M에게에게에게 Mee 는 e는에게는 M에 r 이 은 se M 에r에게 이에게합니다.에게은 은합니다. 합니다. 이 은se M합니다.에에게의 설명에게에는합니다.r은에게
test_128,은 은 은 는 는 과 과에게 가 이 의 에 와 로 D에게 은 는 은 은 과 은 이 이 은에게에게 는 과 이 에게 는에게 과에게에게에 의 가 구매에게을 바에게합니다.에게 의에게를 를
test_129,는 은 은 은 는에게 가 이 의 과 조 와 를 을 에 부 는 가 가에게 에게 이 이 의 의 과 과 조 조 를 를 와
test_130,은 은 은 은 에게 는 은 는 이 은에게 에게에게 은 이 는 는 이 이 과 가 의 에 M에게에게 는에게 이에게 가에게에 가 에에게을 M에에 가 은에 은 M을 B B에게과 의 기 A. 기
test_131,은 에게 은 은에게 과 에게 과 는 는 의 이 가 사이 에 와 약 진 부 를 을 세 대해 이 의 가 에 에 중 컴퓨터에게에게 은 은에게에 와 의 대해 위해 위해에게 는에게
test_132,은 과 는 은 은 은 과 는 Mar에게 에게에게에게are 는 e는에게 은ari Re에게는 은에게ear 은 Mee 은는은에게 는e는는은 은 는 은ei에게은e은는 는에게iie 는은은 는ar는 M는e Mi는
test_133,과 과 과 과 은 과 은 는 에게 은 은 은 는에게 과에게에게에게 은에게 는에 는 은 는에게 이에게 이 대해에게에에게 대해에 는 대해 이 대해 가에게의 에 의 가 은 이 이 은 대해 은 가에 은에 대해 는 과 는 는 이 는 의 은 의
test_134,과 과 은 는 은 은 는 는 는 는 은 은 은에게 에게에게에게 는 과 는에게 은합니다. 이 의 는합니다. 은 과 과 과에게에게합니다. 의 이야기 합니다. 는 의 은에 대해 가 에 는에 은 대해 은 의 이 는 이 은한다. 한다. 은 이합니다.에게 과합니다.합니다. 의
test_135,B 에게 은에게 B에에게에게에 에게 는 B에게는에게 에게 은 M에게은 은에게 M는는는 B 에 과 e 은은 M에 은에 B는은는 은는는 M 합니다.에게 과에게e에게 J에게합니다.에는 A는e A에게 A에은 은 은합니다.는 J는 과
test_136,은 A 과 M에게에게e에게에게 은 에게 은 은에게 은에게 는 는 는 은 는합니다. 는는 은 의 대해 이은 은는 은은합니다.의 대해 은에 e 합니다.합니다.에 은의 은합니다.의 는는 는 는에 이 J합니다.는 는에게는합니다.은 는는
test_137,은 은 은 은 는 에게 은에게에게에게에게 이 은 는 은 이 가 의 과 을 에 의 에 에서 을 으로 를 이를 가 그 말 은 의 는 이 의 은에에게 는에게 이에게 의에게 가에게에 가에 는 이
test_138,"은 는 과 에게 은 는 과에게 이 가 의 을 에 를 와 커 초대 부 식 에 에서 , 로 을 에서에게 은에게에게에게 는에게 이에게 의에게 가에게에에게 과에게을에게 를에게의 합니다. 대해 의에게합니다.에게"
test_139,J 에게에게 i에게에게ii 은 Jie e에게 J에게에게 은i 은e 는 에 Mi의 는 Me Je J의에에게ei 은에게 M에게에i J에 Jan 는 은 이 의에게ai 은e 은 은에 은의 은a a에게
test_140,은 은 은 은 은 는 는 는 은 과 은에게 은에 에게 는 과에게 과 이 은 이 이 의 은 의 가 은의에게에게에게 이에게에에게을에게 는에게 가에게의 가 에 이 의에게이 대해에게 의 에게 대해에 의 가에 은을 대해 결혼
test_141,은 는 은 는 에게 이 과 의 가 을 에 를 와 학 에서에게에게에게에게 는 는에게 은 은 는 는 은 은에게 이 이 의 이에게 의 의 은 이 는 이 은 의 는합니다. 대해 과 과 가 가 대해 에 설명
test_142,"은 는 은 은 는 과 과에게에게 의 이 가 을 직 부 에 를 약 공 와 대해 비 상 고 설명 자동차 경제 위해이 새로운 대한의에하고, 이를 말합니다. 다른 자신의"
test_143,은 은 은 은 은에게 은에에게 에게 에게에게 에게 는 는 는에게 이 과 의 가 이 은 는 는 는 은 과 과 은 이 의 은 의 과에게에 이에게 의에게 과에 는에 이야기에게과 에 은합니다. 합니다.에게 가에게합니다.에 이 의 가 은과에게 이야기에 이
test_144,J 은 은에게 는 과 에게에게 J에게 Jo에게에게 은에게ooe e에게e Jeo an 는 는an에게ano 은 Janan는 은 이 oe 은 은e Ja에게 는에게는에게은은에게 이에게i에게ao는 은는 J
test_145,은 에게 은 은 는 이에게 이 D 요 는 D 요 가 M에게 에 L M 에게 Mr D L에게 L에 Mer M에 J A M Ma H Ms B M 호텔 Grr Mi Me Marr L M. Mon
test_146,은 은 은 은 는 는 는 는에게에게 에게에게 은 는 은 이 은 과 은에게 는에 이 이 이에게에게 이 D에게에 에에게과 J에에 는 가 D 가에 은 J에게을 과과에게 J 은 M에 이 는과 J과 는e 의 을
test_147,은 은 은 은 은 과 은에게에게 에게에게 은에 는 과 가 이 의 대해 은 대해 는 는 과 이 과 이 은 는에게에게 는 은다고 가 가 은을 은 의 은합니다. 은 이 대해 에 은의 은다. 합니다. 의 의합니다. 다. 은 가 는 이 는 는에
test_148,D Mrr에게에게 r 에게에게 Mee Manr M에게an 은 M Mar에게re M합니다.e에게 이 합니다. er 은에게 은r 은 Mir에게합니다. M에 D A Pe 은합니다.에게 이r합니다. 이에게e합니다. 은 은 은합니다.r 이 Mer 에 M
test_149,은 에게에게 의에게에게에에게 M의 Mrr에게 Jre에게anr an에게r의 Me의an e 에 Jee M에 Mk의의rk r M을 는 은 s에게는에게eran M에게의ean의에의는 M합니다.의은에게s 에서에게합니다.r에an합니다. y
test_150,은 에게 은에게 은에게 는 는 이 이 의 의 과 은 은에게 는에게에게 이 은 는 이 는 은 이에게 은 의 의 은 과 과 가 과 가 을 가 을 에 컴퓨터에게에 에에게 의에게 가에게으로 으로에게의 가에게 컴퓨터 의에게
test_151,은 은 에게 는 과 의 이 가 초대에게에게 은 은 는에게 은 는 는 은에게 는에게에게 과 의 과 의 과에게에 이 이 은 과 은 의 은 이 가 가 을 를 을 초대 을 은 가에게 의 는에 에 에 를 를
test_152,은 은 과 는에게 이 의 가 에 을 를에게에게에게 에게 은을 는 과에게에에게을 은에게 는을 은 은 과 가 의 을에게 과 은에 이 에 는에게에게 가에게과 은 음식을 는 은를 는 B
test_153,M Mrr Manr M합니다.합니다. Me합니다. 에게 M에게 e 합니다.에게에게합니다.e M는 은 r에게r합니다. 은 M 설명합니다.습니다. 설명 이 J합니다. M습니다.합니다.r에게에게r 은에게 은합니다.은 는 Mi합니다.의 위해합니다. 설명 M B합니다.에 s. 습니다. M합니다.합니다.
test_154,은 은 는 가 이 에게 의 와 과 에 을 를 한 전화에게 가 이 는에게 은 은 은 가 은에게 가 이 은 이 는 은 는 가 가에게에게 가 이에게 는에게 이 가 는에게 전화 에 으로 알려 가 합니다. 의 전화
test_155,은 는 과 에게 이 의 은 은 은 는 는 은 과 과 은 는 과 는 는 과 은에게에게 과 과에게 는에게에게에게 은에 은 이 은 의 가 이 는 이 과 이 의 는에 에 은의 는의 가 는에서 음악에 는이 는 의에게에에게의 에 이에게 이
test_156,은 은 은 은 에게 과 는 은에게 에게 은 는 는에게 과 은 과 과 는 이 은 이 이 이 의 은 의 의 에 은에 의 에 에 가 가 은 대해 은 가 가 은 에에게에게 는에게 과에에게 이에게에에 에
test_157,M Miri에게에게 ii 에게 Mrr M에에게에 는 은 은 r에게에게에게는에게 은의 는 의에게r의 M에게i에 은에게은 은 M의 은 은 은는 은 은은에게의는는 M는는은은는은은 M 에r 은r에
test_158,은 에게 은에게 은에게 는 는 는 이 이 가 가 과 의 와 을 에 부 그 진 를 공 로 에 사무에게에게에 이 은 은에게 는에게 은에에게 가에게을에게 이 가 대해 대해에게 대해 사무
test_159,에게 에게에게ee Me에게 e M에게an에게 M는e에게는 M에 에 M 는에게 Jean Mane는 M은 J에게은에게 T에게에e J an B 은 Te에에게 B에게a에게 은에게 Mie 은는는 J는 J에 은 Mae B M한다.에게 는 S
test_160,은 은 은 에게에게 과 과 는 는 과에게 는 이 의 가 비 에서 에 에 대해 을 인터넷에게에 이 이 가 의 비에 의 가 비에 은에게 은 은 과 은 는 은에
test_161,Mane Me M는는 는 Mi는 에게 e는e는에게 Mre에게에게에게ean 은 J는 은 Mar는 Janan M합니다.는은 Je합니다. 은 M에게는에 합니다. M에 M은ee 은 은에게합니다.e은에게 은는 M 대해 B 는 이 에은는
test_162,은에게 과 은에게 과 은 은에게 은is에게에게 은 에게 과 M에게on에게 Mison Monis 과에게r에게는 o 는에게o의 e 은 의에게is의는 i에게e에게은에게의는 Me의는는은는 은oneoon의 M의 은의
test_163,은 은 는 에게 과 과 는에게 은 은 은에게 는 은 는 과 은 과에게에게 과에게 에 가 이 가 이 은 가 은에에에게에 D에게 는에 은을에게과에게 D과에에과에게 과 D에 는i에게와에게을을
test_164,은 은 은 과 과 에게에게 는 는 이 이 과 은 은 과에게 은에게 는 이 가 가 가 의 의 의 은 는 은 이 은 가 은 의 와 을 에 진 를 세 으로 로 부 사이 와
test_165,"에게 B Br에게 에게에게rr M에게 Mre 합니다. 설명 r M합니다.에게에게에게 설명에게합니다.합니다. Me에게 은 s 습니다. 은에게e합니다. M 설명합니다. 설명 M e M습니다.에게니다. 전화에게습니다.합니다.합니다.r합니다. 은합니다.s에게s합니다.습니다. M 요청에게 요청합니다.니다.에게, 니다.합니다. 전화합니다. 요청 설명 설명습니다.합니다."
test_166,"은 에게 은 은에게 과 는 이 에 에 가 과에게에게 은에게에게에 은에 는에게 이에게 는 이 는 은 은 는 이 는에에게을 여행에 에 은을 은 이 은 여행을에 는을 여행과, 의 은과 은 에 여행합니다.을 에 과 은 과"
test_167,은 은 은 과 는에게 이 가 의 에 을 M에게에게 에게에게 은에게 는에게 이 는 이 는 가 과 가에게에 에 의 의 에에에게 가에 이에게 과에게의 대해 합니다. 그 대해에게이
test_168,은 은 이 는 이 는에게 에게 은 이 는에게 가 의 과 을 와 부 를 에 번 진 에서 의 의 가 가 과 과 을 을 와 와 부
test_169,은 은 은 은 는 은 는 의 과 이 에게 가 에 에에 은에게 은 의 은 이 은 과 은에에게 는 의 이 과에 의 의 는 의에게 의 는 는에게 는에에게 의 이 는의 은의 에서 대해 과 와 이야기에에 는에게에게에 이 의에
test_170,은 은 는에게 이 과 가 의 에 을 와 를 로 약 에서에게 는 이 에게 은에게 은 은 는 은 는 이 은 이에게 는에게 이에게에게에 의 가 에에에게를 과 를 합니다. 을 으로 의
test_171,은 은 은 은 는 는 은 는에게 에게 과 과 은에게 은 과 는에게 과 이 가 런던에 이 가 은 이 는 는에게 는에 의 의에 가 에 은을 기 을 이에게에게 과 과에게에 는을 기 은 의 의 은과 전 은 가
test_172,과 과 과 은 과 은 과 은 는 과 는 는 은 은 은 는 이 에게 의 가 에 부 와 를 을 비 스에 디 진 그 케에 과에게 과에에게 는 이 의 과 이에게에게에에게과 이 에 은을
test_173,에게 는 은에게에게 에게에게을 는 은 가 의 이 소 주문을 은 은 는 은 가 가 은을 의 주문합니다. 커피을 은 는 의 주문 요청합니다. 커피 스 드 주 합니다. 은 가 이합니다. 이 커피 주문 을 주문 주문합니다. 주문를
test_174,은 은 은 이 이 의 가 에게 는 과 와 을 진 를 부 로 에 세 메뉴 이 의 의 가에게 는 가에게 는 과 과 와 와 을 을 진 진
test_175,과 은 과 은 과 과에 에게 을 는 가 과 이 의 에 은에게에게 는 는 가 가 은에 은 은에게 은을 과 과 은 는 은 가에게에 이 이 은 의 의 은 이과에 는에게 는에에게에게 가에 가합니다. 피 합니다.합니다.
test_176,에게 은 은에게에게 은에게에게 은 이 는 가 의 호텔에게 이에게 는에게 의에게 가에게에에게 는 는 가 의 가 의 은 은 는 은 가 은 호텔에 이 호텔 에 에에게의 항공에게 호텔 이 은 의 은 이 호텔에 은에
test_177,은 은 은 는 는 는에게 에게에게 은에게에게 는에게 의 의 이 이 과 과 은 는 은 은 이 은 의 은 과 가 가 은합니다. 을 합니다. 은 가 을 은 을 와 에 를 와 은 와합니다. 에 은에 대해 에 은 대해 은 를 은하고 설명
test_178,"에게 은 은에게 은 은에게 에게에게 은 이 는 는에 이 의 을 에 의 을 호텔 을 합니다.을합니다. 호텔 항공 항공입니다. 습니다. 를 가 입니다.습니다. 안내 하고 과 예약, 합니다. 의 방문"
test_179,은에게 과 는 이 비 의 에게 은 는 이 과 의 가 가 은에게에게 은 은에게 은 는 는에게 는 은 이 이 은 과 은에 설명 설명 은 의 과 의에게 이 설명 설명 설명 대해 은 설명에게 의 설명합니다. 에 은합니다. 설명 의 은 비합니다. 은 가합니다.
test_180,은 에게 A에게에게 에 은 은 에게 은에게 은에 이 는 는 이 는 은 는는은 은 과 합니다. 과 은합니다.에 은는 은 이 은 는에게는는에게 는에은 은 과합니다... 은은에게 이에에게은 이합니다. 은. B에
test_181,M 은 는 은 M에게 에게에게에게에게 Mar 는 M M 이 과 의 B P e Me C T ar에게 는 는에게 이에게 은에게 과에게ar 은 M에 가 J 에에게에 이 M의. 으로 합니다. 은 는 의 과 의
test_182,는 는 은 은 과 과 이 의 에게 설명에게 의 이 가 가 설명 에 인터넷 대해 대해 에 공 직 공 는 는 는 은 은 는 과 과 는 의 는에게 는 설명에게 의 이 는의에서의 에서 는 이 은 은 의 은
test_183,은 은 은 은 은 는 은 과 은에게 는 는 과 에게 은에 이에게에게에게 는 는에게 는 과 과 이 은 의 은 가 은 이 의 이 는 과 는 의 는에 의 의 피 은 에에게에 은을 가 에 가에에게 이에게 과에 는을 은 피 과
test_184,은 은 은 은 에게 은에게에게에게에게 는 는 이 이 의 의 과 가 전 을 합니다. 진 부 한 약에게에에게 이에게 는 는 은 는을 에 를 설명 제공합니다. 이 은 이 의 은에합니다. 가 가 전
test_185,M Mrr에게 Mar Merr Mera M합니다. M에게rer M. Msr합니다.에게에게 에게aa에게합니다. 합니다.합니다.a aer에게에게 Mir 합니다.r에게. r.에게s Monre M의 M Lrs에게e에게 Lae합니다.합니다.r L합니다.s.합니다.e s합니다.
test_186,은 에게 는 이 과 의 가 을 에 약에게에게에 항공에게에게 에게 은에 은 는 이 항공에 은 는 이 항공 의 의 호텔에 은에게 는 은 는에 는에게 이에에게합니다. 비행에 이합니다. 은 은을 은합니다.에 항공 호텔 호텔 에 비행
test_187,은 은 은 에게 는 은 은에게에게 에게 은에 이 의 가 과 은을 는 이 의 가 에 과 을 을 는 이에게 는에게에게에 의 은합니다. 합니다. 가 은 는합니다. 은 이 은 의에게을 은 가에게합니다.에게 이합니다.을 을
test_188,은 은 은 과 과 는 는 과 는 은 은 과 은에게에게 에게에게에게에 이 의 에 이 이에게 은에에게 는에 은을 가 대해 학 이야기에에 는 에 을 은 이 은의 은한다. 은 는합니다.에 과에 이 는한다. 을 은합니다. 합니다.합니다.한다.
test_189,은 은 은 은 과 는 은 과 은에게 의 에게 의에게에게 은 는 는 대해 이 가 주 합니다. 장 에 이 과 대해 주합니다. 가에 이야기 추천 설명 새로운 좋은 사용 위해 주 합니다.합니다. 은 의 은합니다.합니다. 의 는합니다. 의 의
test_190,M Mrr에게에게ri M는r는는에게 Mir 는 에게 i Merr Me에게는e M에게e는 M은 e 은 M의 B er 의 Manr은에게 Brer에게은는 Bei에게의는의에게 Jrer B M. Jeer Mai는 Jier는은ee은r의e의
test_191,에게 은 은 은 은 에게 은에게 에게에게 는에게 의 는 의에게 이 이 는 는 이 이에게 의합니다. 가에게에 합니다. 가 에에게합니다.합니다.에 은 는 은 이 은 의 의합니다.합니다. 은합니다.에게 가에 는합니다. 는 의 은하고 설명 위해 을 은 가 은을 과
test_192,M Merer Mrr Mir Me Marr에게 M는 Moner 에게에게 B M합니다.i Mh Mane L M에 Ma합니다. M은 M에게r합니다. 는 합니다.합니다.e에게에게 B합니다.는에게e합니다.에게는합니다.er에게i e는합니다. Bre는는 Bei에게합니다. Bi합니다.an M r
test_193,은 은 은 이에게 는 의 가 과 소 을 에 를 와 부 비 B 세 약증 구매에게에게 에게 은에게에게 이 이 이 은 은의 위해 지 고 인으로러에 무 는 는 은 는
test_194,은 L에게에게an에게 에게에게 M에게 에게 은 은에게 는에게 J에게e에게는 는 Mee 는 M e Jei에게 S에게 가에게에에게 전화에게ie 은 은 Ma에게 이 는e M에 이에게ae 는 M J Se 은 는 은 M는에게. 가
test_195,에게 은 에게 은 는 는 은에게 은 은에게 는 은 는 의 이 과 가 와 에 을 를 런던 약 로 으로 에서에게에게 는에게 이 이 은 이 이에게 의 의 은 의 의에게 과 과 은에에서에 가
test_196,은 은 은 은 은 는 은 과 는 는 과 과 는 과 은에게에게에게 은에 에게에게 에에에게 는에에 은 의 의에게에 는에게 과에 과에게을 대해 대해 이야기에에 대해에 의 의 은 대해에게 대해을 은 이야기에게다고에 이야기을 이야기 다. 한다. 이
test_197,과 은 은 과 과 은 은 과 은에게 에게에게 는 는 이 이 의 의 M에게에게 과에게에 가 M에에게 은에에게 는 는 과 과ar에게 이에게 Marar에 가에 과 는에 는에게 의에 은는 J에 이 은 이 는는 의 가에게
test_198,은 은 은 은 과 는에게 이 의 가 에 와 을 부 대해 직 를 학 컴퓨터에에서 한이은 새로운 비 진 유 전 은 과 은 는 는 은에게 은 이 과 는 과에게 이 은 의 은에
test_199,이 은 은 은 는 에게 는 이에게 이에게 의 의 는 의 가 가 가 과 과 과 를 통 를 을 을 은 은에게 은에 계좌에게에게 이에게 는에게
test_200,은 과에게 는 이 의 가 에에게 에게 은 는 은 는 은 은 는 과 이 과 은 이 은에게 은에 의 가 에 이에게에게에 식 에게 는에에게 음식에 은 음식 의에게 이 는 음식 식에 과에게 과 식 은을 에 전 음식 음식
test_201,은 은 은 에게에게에게 은 은에게에게 과 이 는 의 가 에 와 을 에게는에게 는에게 이에게 의에게 과에게에 에에게 가에게 대해에게합니다.에 이 는 의 가 이 은 는 은 이 는 는에 는 이 는의 대해 합니다. 주에게의
test_202,은 에게 이 는 은에게 에게 에게에게 이 은 이 은 는 는 가 의 가 의 은 은 는 이 은 가 의 가 은 이에게 은합니다. 은 의 은에에게 는에게 의합니다. 도 에 전화 합니다.에게 가에게합니다.합니다. 이 는 이 이 가에 전화합니다.합니다.
test_203,은 은 과 과 에게 는 의 이 가 M에게 는 의 이 가 M에게에게에게 의에게 은에게 는에게 과에게 이에게 설명 설명 설명에게에 에에 의 는 은 이 과 설명에에게의 합니다. 의합니다.의합니다.의에게합니다.
test_204,에게 은 은에게 는 는 은 은 에게 은에게에게 는 은 과 과 과 과 은에에게에 가에게을에게 는에 가 에 은을 여행에 가 의 의 은 여행을 은 는을 는에게 가에 는를 은 가 은를 에 을을 여행에게 여행 여행에 여행를 여행
test_205,"M Mrr Mir Mar에게 Merr Jri Morer Monr L Marra Me M. Msro M Rron M, M Lr Li Joaer a 에게 ooier Loer Jaai Ler에게 Jii Jeraon L L Laoono R M에게r"
test_206,"은 은에게 에 에게에게에게에게 은에 이 는 의 이 은 은 는 은 은 이 의 가 과 합니다. 가 은합니다. 은 는 이에게 이 는에게 는 과 은로 조 을 지 해 를 입, 기로 하고 대해 해 하고, 이야기 로합니다."
test_207,M Mrr Monon Me Mar Jron Jonra Mir는 M. Manr. Je Jaaon는 Jiona Jsran M합니다.r M에 Mk Mer M은 Mse는는aers M에게ri M의 M는r에게 Marr합니다. M J.rea는.는anon합니다. J합니다.one.a
test_208,은 은 는 과에게 의 이 가 에 와 약 을 지 를에에서 에서에게 는 은 과 에게 는 과에게 은 은 는 은 과 은에게 는에게 과에게에게에 의 이 에에게 의에게의 대해 가 지 에서
test_209,은 에게에게 은 은 은에게 는 은에게 는 이에게에게 은 는 는 는에게 이 은 이 이 가 의 을 과 와 에 도 를 방 전화 에 에서에게에에게 가에게하여에게 의에게 을에게 도에게합니다.에게에게 과에게 방에게 에 은합니다.
test_210,은 Bararr에게 r 에게에게 Mrr Me 은 M의 er에게 은 은에게 Mar 은r 은에게 M에 은 합니다. 의 an 는 Pre 은 M합니다.r합니다.합니다. 은합니다.e에게eer은은 은e합니다.합니다.에게ra 이e
test_211,은 은 은 은 은에게에게에게에게 에게 은에 이 는 가에게 이 이 이 은 는 는 는 은 가 가 가 과 은 이에게 는에에게에 은을 의 에 과 전화 합니다. 은 과 의 은합니다.에게 가에 과에게합니다.에 가 은하고 은습니다. 하고 을
test_212,M M에게ian에게 Mani Me M는 Miie에게 Mri 에게에게anan Mh Mai에게는에게ei Je Ji합니다.i는 J M합니다.an 는 e Jane는는ean J에게 J합니다.합니다.e Bir M의 M. Mke i에게 Ban합니다. M은 Mene합니다.에게 Jr an
test_213,은 은 은 은 은 는 는 은 과 은에게 은에에게 과 는 과 의 은 의 이 은 이 의 는 는 과 는에게 에 에게에게 는에 의 가 이 가 은 가 이 가 는의 은의 대해 대해 직에 은합니다. 설명 설명 은이 이이
test_214,에게 에게 에게 은에게에게는에게 은 에게 는에게 M에게e 는 M는 은 은는 은 Mi에게 J에게ii 대해에게an에게 대해는 Me에게은에게 B에게에에게다고에게a에게 만나에게합니다.는는는 대해 는 B Je Man 은 합니다.에게o에게다.는 J는e는 는는 B는
test_215,은 은 는 에게 의 과 이 가 을 를 대해 에 에 와 을 약 식에게에게에에게 는 의 이 과 대해에게에게 은에게 는에게 의에게합니다.에게 이에게을합니다. 합니다.에에게 과에게의 설명 이 위해에게 대해
test_216,에게에게에게 은 는 과 의 이 가 에 을 를 와 대해 진에게 은 은 은에게에게 대해에게 는에게 과에게에에게 이에게 가에게을에게 의에게에게에게 자신의에게하고에게 위해에게의 는 는 이 대해 가 과 의
test_217,"은 은 는 는 에게 의 이에게 은 은 는 은 는 는에게 의 이 가 과 와 를 약에게 은에게에게에 설명 에에게 는에게 의에게 이 의 은 의 설명에,, 설명 은 이에게 설명에게, 은에 은의 위해 책 책"
test_218,은 은 은 은 과 과 과 과 은 과 은 는 는 는 은에게 은에 에게 과에게 는 과 는에게에게 이 은 이 이 에 은에서 에 은의 밤에에에 과에에게 는에게에게에 는에서 은을 대해 과 밤에게 이 이 과 이 는 는에에 밤에서에
test_219,은 은에게에게 은 이 에게 은에게 의 의 는 증 을 과 가 소 합니다. 를 는 이 은 의 은 은 는 은 이 의 는 이 을 과 은에 에 에 을에게합니다.에게에게 의에게 이에게 는에게 을 은 을합니다. 과합니다. 가
test_220,은 은 은 은 는 은 는 이에게 의 은에게 는 는 이 은 이에게 이 에게 은 의 의 의 과 은 과 과 과 가 은 가 가 가 은 은 와 을 약 를 에 은행 대출에게에게 는에게 의에게 이에게 가에게
test_221,은 은 은 은에게 에게 이 이 는 는 과 과 은에게에게 은 이 은 는 이 는 은 과 가 가 모 모 의 의 에 에 은 가 은의 M에게 이에게에게에 대해 의에게 는에게 과의 과에게의 대해에게 가에게 자신의 에
test_222,은 과 은 은 과 은 은 과 에게 는에게 는 은에게 은에 이 가 의 에 을 와 부 로 에에게에에게에게 과 과에게 과 이 은 이에게 이에 은자고에 과 이 이 과 는에 가 은다. 밤에 는에게 는 과 가에 이 는
test_223,에게에게에게에게 에 의 는 은 이 합니다. 과 가 입니다. 주 와 을 는 는 은 은합니다.합니다. 의 의 이 이 과에입니다. 가 주 와 합니다. 합니다.합니다.에게 은합니다.합니다.에에에게합니다.입니다.입니다.에게 는합니다. 주 과 가
test_224,S 은 S에게에게 에게 Ma 은 Mr Sae s as Mi e Me에게 은 은 Msaa 은에게 M합니다. an r 은s 은 Se 은a에게에게합니다.a M에게 Si Mona 은s M에 이 합니다.합니다. 은합니다.합니다.에게aar M
test_225,은 은 은 은 과 과 는 에게 는에게 은에게 에에게에에게에게 는에게 과에게 는 레스토랑에 이 호텔에 는에 은 는 레스토랑 레스토랑에게 레스토랑 레스토랑을 의 에 을에게 이 이에게 호텔을 는 는 은 이 호텔 레스토랑합니다.에 이 은 호텔합니다. 레스토랑의 와 을 합니다.
test_226,"에게에게 은 은 에게 은 과 가 이 는 의 에 와 로 을 비 세 를 에서에게에게 은에게 의 의 의에게 가에게 구매에게과 구매 가 에 과 구매 가에에게의 는, 이 합니다. 과 의"
test_227,과 과 과 과 는 는 은 은 과 은 는 과 는 은 의 의 과 의에게 에게 과에게 이 이 과 이 가 가 과 의 는 은 는에 스포츠 대해에에게 대해 대해 이 는에게 은에 과에 스포츠에 는 대해에 은 좋아에에게 는 스포츠
test_228,은 은 에게 는 에게 는 은 은 은에게 은에에게에게에게 는 는 이 이 은 는 는 이 가 가 의 의 과 과 D D에 항공에 항공에게에 항공을 비행에 은을 은 항공 비행을 비행 항공 항공의 여행에 는에 항공합니다.을 비행에게 항공은
test_229,에게에게에게 는 는 과 은 과 은 는 과에게 는에게에게에 이 가 에 의 와 D에게으로 에 은에게 은에에에게 가에 는에 은 디에게와에게 과 가에에 가에게합니다.에 과 은 는 은 은 가 에에게 이 에 이에게 에
test_230,는 은 에게 과 가 의 이 호에게 는 은 는 은 은 는 은에게 과 과에게 는에게 은에게에게에 에에에게 가에게합니다. 을 대해 합니다.을 가 대해합니다.에게을에합니다.을에게 과합니다.합니다. 은에 은합니다. 대해에게 대해 대해 은을 은 대해
test_231,L 과 Laran 에게에게 에게 은 는 은 는 과 e 은에게에게에 는에게 은e는 Le에게 는에게 과에게ee 은 Me에e 은 는 은 은an에게는y y에 과은 M는는 은 는에 은에에게은 은 과 은은에게
test_232,은 은 과 에게 은에게에게에게에게 이 는에게 는 은 은 는 은 는 는 의 은 이 은 과 은에에게 과에게에 에서에게 이에 은을 에 이에게 의 대해에게 대해 가 과 은 에 을에게은에게 가에게과에게에서 여행에에 는에에 이에 과
test_233,은 은 은 과 과 는 에게 는에게 는 과에게 이 가 의 을 에 진 를 약에게에게에 이 의 가에 에 이 의 가에에게의 대해 에서 이 비 새에게 은에게이 대해에게 는
test_234,M Marrr Mri Me Miro Merr R Morer Mkr B Mar Rrk M. Manr. Roiko Rii Rkerook Reo oer Rerioe Rank.o.r Tr합니다. M은 M합니다.ran M는 M의 Msr는oaner re
test_235,은 은 은 은 는 은 는 과에게 이 은 과 는 과 는 과 은에게 은에 에게 이 의 가 에 에에게에게 의 의 가 이 에 가 은을 식 과 와 을 커피 을에게 는에 은과 식 커피에에게 과 는을
test_236,은 과 는에게 Mrr 에게 arr M에게에게rar 은 Mer에게 Mare B 과 re에게 은e 은 은 Miran 이 는 Jee B 이 Jri Tr에 Sr는 e Manr 은에게 은 M 에 은r Se
test_237,는 은 에게에게 과 은 는에게 은 는 과 과 의 의 이 이 에 에 인터넷에 에에게에게에 의 는에게 는에 는 은에게 은에 의 의에 은의 을 상 대해 를 에서 가 이 와 과 합니다. 을
test_238,은 은 는 는 은 은 은 는 는 는 의 의 과 과에게 가 이 에 을 와 를 상 부에게 은에게 이 은 의 은 과에 가 는 의 는에 이 의 에게 의 가 합니다. 과 에이합니다.이
test_239,은에게 는 이 과 의 가 에 을 와 를 도에 에서에서 부 두 약 진 세 차 자동차으로 대해을과서 은 에게 는 이 의 과 가 은에게에게에게 은 은 은 는에게 이에게
test_240,"S 은 은 Sr 에게 에게r 에게 e 은 Mrrer에게에게re는 r 은e에게 은e 은 은에게e는 Mer은 Jri 는은은는 은합니다.ee M합니다.합니다.r는는에게는r, B 은 은는e은에게은r"
test_241,은 은 은 은 이 는 에게 는 는 이에게 의 의 가 가 이에게 의 가 과 을 에 에 합니다. 과 과 을 도 과 도 를 의 를 두 기 두
test_242,은 는 과에게 이 가 의 에 와 를 을 부 대해 에서에게 은 는 과 에게 은 는 과에게 은 은 는 은 과 은에게에게에 이 이 은 이 가 에 의 와 를 을 대해
test_243,은 은 은 은 과 는 에게 이 가 의 에 에 와 를 을 은 는 는 은에게 은 과 은 이 과 과에게 는에게 이 은 가 가 은의 은 의 의 은에에게에게에 가에게 는에 은을 의 이에게 가에 는 는에게 과에게
test_244,Bee 에게에게에게 e에게에게에 은 Me 은 B에게는 는에게 은에에게e에는 M에 은에게 B에는 은 은e B 은에게 M에게합니다.e 은는 B는는 M합니다.합니다.에 은 B합니다.는은 는에게은에 M 에 B은합니다. 합니다.은 은 M는
test_245,은 은 에게 과 는 이 의 에 가 을 학 를 마 대해 대학 공 그에 와 약에게에게 에게 은에게에게 과에게에 과 에에게 는에게과 는 대해 의 학 이 대학에게 대해에게 학에게을 과과에게
test_246,T 은 과 는에게 이 S에게 에게 에게에게 은에게 Tim에게 는에게 과 는 은 과 은 는 은 은 는에 이 는 T에게의 대해 은는 과에게에은 의 M에 은에는에게는 대해에게은 T에에게합니다.의 은은 은는 은 T
test_247,은 은 은 은 은에게 에게 은에에게에게에게 에게 이 는 과에게에 이 은 이에게 는에 은 는 은 과 에 이 는 과 은 의 의에게 과에 는 이 는에게 의 은의 합니다. 대해 가 은합니다.에 이 이 과합니다. 은 대해 은을 이야기에 는의 의 는합니다.
test_248,은 B 는 은 은 은 은 B 은에게에게 B 과 과 는 에게 B 과 은 과 B에게에게 은에 M에게에에게 B은 D에에게 과에는 는 M에 은은에게는에게 M을 은은 B에 Be. J에게을에게 는에게은 은 M은 M
test_249,"은 은 은 는 는 은 는 는 는 과 에게 의 가 이 에 를 와 을 , 진 옷에게 의 과 가 이 에 를 와 을, 진 옷 조 부 비 의 두"
test_250,은 은에게 는 이 의 가 과 와 약 전화 에 을 를 제 J에게 에게 은 은 은에게에게에게 는 는 은 는 는 는에게 이에게 의 이 이 은 이 의 의 은 가 에 가 은에 가 과
test_251,은 은 은 은 에게 과 은에게 은에에게에게에게 에게 과에게에 는에게 는 는 는에 과 이에게 이 이 의에게을에게 의에 은 는에 과 의 이야기에 는을 가에게과 이야기에게한다.에 과 의 은한다. 와 이 이야기을 은합니다. 초대에 의
test_252,은 은 과 은 과 은 은 는 에게 의 이 가 에 은에게에게에게 과에게 은 는 과 과 과 과 는 은 의 은 이 은 가 은 대해 대해에게에게 는에게 의에게 이에게 대해 대해 은 이야기에게 이야기 대해 는 는 는 는 의 는 대해 의 과 의 의 이 이 는 이 대해
test_253,은 은 과에게 는 은 은 은 과 J에게에게e Ji에게 에게에게 은에게 Je에게는 J에에게i는 Mi 는 는에게 는ie 과 M에게에 에 은i 은는 J는 은 Jai는 는와 결혼ii에 이 와 은e 은에
test_254,은 은 에게에게 은에게 이 이 는 이 는 는 의 의 의 가 가 가 과 와 를 을 도 에 조 약 소 한 진 전화 에 지 A 알려에게 은 은에게에게에 과
test_255,은 은 은 은 은 는에게 에 에게 은에게에게에게 는 과 대해 는에게 과에 은 과에게 이 이 은 이 과 은다. 의 가 전 합니다. 그 다. 은 가 은에에게다.다.에게 는다.합니다. 은 의 은다고에게에 는 과 의에게합니다.합니다. 는 는 은합니다.다. 이에게
test_256,은 은 은 은 은 는 는 는 은 과 은에게 은 이 은 의 은 가 은에 과 는 과 과 에게에게에게 는 는 과 는에게에게 이 이 의 의에게 과에게에에게 이 는 이에게 결혼에게 대해에 는에 은의 대해 결혼에 대해 은 결혼 에 대해 는의 은 대해 결혼
test_257,"J 은 Jiiai J은 에게 J의 에게 은 은 J에 는 는 M은 J는 J을 C, 의은 은 은은는 는 J합니다.은은는 은에 M의 은의 은은 는 은을의은에게 은는 는, J이 에 은 는에게"
test_258,은 은 은 는 은 는 에게 는에게 은에게에게에게 는에게 은 이 가 과 에 의 와 을 를 결혼에게에 에에게 이에게 가에게 과에게 결혼 초대에게와에게는에게 의에게을에게에게 에에게하고 는 결혼 는 는 결혼에 는 결혼
test_259,은에게 는 이 가 과 의 을 에 지 를 약 와 도 부 로 스에게 은 에게 은에게 은 은에게에게 는에게 이 이 는 는 이 은 이에게 가에게에 가 을 의 가 의 과 에게 의에게
test_260,M M에게rr 에게에게 에게 Mre r Me의 는 은 T의 M의 Tr M는 Man or에 an M에 Mer의에게 은 M 의 은는는에게에게 은 T는 은 은에게는 는 은 는 Mi의 은r 은 T e Mo의
test_261,은 은 과 는 는 과 에게에게 은 은 은 과 은에게 이 가 의 에 대해 다. 초대에게에게에게 과 는 은 는에게 는 과에게다. 은 이 은 가 은다.에게 가에게 이다. 이 이 는 과 는 는 이 과다.합니다. 한다. 합니다. 은 대해 은합니다.에게 대해에게합니다.
test_262,S 은 S에게에게에게는 에게 는는에게 는는에게 은 은는 은에게 M에게은 r M는r는 M합니다. 는 an 은는합니다.에게에에게합니다.합니다.에 합니다.은합니다.는an합니다.an는은에게r합니다.r에게 는합니다.의 설명합니다.on합니다.합니다. 은 M은 은합니다. 대해 e
test_263,은 은 은 은 는 의 과 에게 에 이 가에게 의 는 이 과 가 에 에서 를 을 피 와 에서에에서 에와 를 대해 과 대해 은에게 은 는 은 의 는 는 는에게 는에 은에에게 의에게에게 의 의 은
test_264,M Mie Jee J는 Mei J에게 e Ji는 M는는 Jai 에게 Jane M에게는e는는 은 는에게 은 J 은에게 은e에게 M J J 는 Jer Jare 은 Mae는 Man Joni 은는 는 aan 는e 는 M J
test_265,은 은 은에게 에게 는 는에게 는 과 이 의 가 에 을 를 와 부 대해 약 진이 다 직에 에서에게 은에게에게 는에게 이 이에게 과에게 의 과 에 의에게에에게 가에게과 가 합니다.
test_266,은 은 은 은 은에게에게 은arar에게에게aran에게 에게aaraan a에게 Manar Mari에게 Jare에게ananaiaaer ani Janeae i Miarera는 e Mear Merar는a의arar Jiian의 arra에 는 Ma
test_267,에게 은 는에게 은 는 B M에게 은 는에게 은에게 Mr S 이 Me에게에게e e S에게 Sr에게 Be Man 대해 o Jre Moe S B에게an에게 J에게 대해e B 이 A 는 C St에게er y 은
test_268,"은 은에게 는 에게 은 은에게 는 은에게 은 는 는 D에 M에에게에게r D에게에 B B Mrar C rr에게 Mirr Me 이 Tarr Mar에 M과 는 은 e C 이 M합니다.r 은 Mkr B M,"
test_269,"은 은에게에게 에게에게 이 은 는 이 는 는 이 은 은 는 은에게 은에에게에 가 에 의 의에게 이에게 는에게을 가 의 가 가에게 의에가, M M에게하고 으로 합니다. B에게로 전 A"
test_270,"M Mrr Merr에게 r 에게 Monr B M에게에게rer Me M합니다.합니다. Mar M. M, M의 M B 은 Marr L M은 M에r합니다. 합니다.r 은 L합니다.의 r에게 은r 설명 M는 M 설명합니다. Bre 설명, er Jr의r,r는"
test_271,은 은 B 은 B 과 과 는에게 이 가 B 는 에게 e 이 B에게에게 과에게 Barar에게 과에게 은e에게는 는는 는에게 는e는에게은 은은은 은 은are에에게ee 은에게 이e B 은에 에 이
test_272,에게 에게 은 에게 은 는 은 는 는에게 은에게에게에 가 의 이 과 의 의 가 은 은 는 은 의 은 가 가 이 과 이 과 을 에 와 를 도 부 약 진 집을에게 학에게 가에게 의에게
test_273,은 은 에게에게 의 는 과 이 M에게 은r S에게에게rr에게 Mr M T B에게 Sr M M의에게 Br S P Gr T에게 Tr B A C or의 Ms Mer L. M합니다. M 요청rs re Mir P Mk 합니다.
test_274,"은 은 은 은 은에게에게 에게 은에 S에게에게과에게에게 S에에게에 S과 과에 Sa과에에 은과 은 Sra. 을 의 B 는, a에을을에게..에게을는는에게는. B에 S합니다. 합니다. B"
test_275,M Mrr에게 Merr Mar Mira Mer. M에게ri M.r Lrer Monre Manr R M합니다.r Jran Melr합니다. Morel Marrs M aa.a 에게 r B Msro Mk Mdr는 Mh M Rron M Laeraiae. L M
test_276,은 은 은 은 은 는 은 이 은에게 는 는 의 과 은 의 은에 에게에게 는에게에게 이 가 이 이 의 의 이 는에게 은 과 과 을 은 가 가 은의 와 합니다. 에 가 과 을 에 를 와 은 에 은을
test_277,은 은 은 은 에게 은에게 에게에게 에게 이 는 의 이 는 이 는 의 의에게 이에게 는에게 의 가 가 M에게의 M 가 은 이 은 는 은 의 은의에게 가에게에 A 전화 과 와 B 위해 의 은 가
test_278,은에에게 에 에게 는 은 이 는 은에게 은에게 은자고에 은 은합니다. 과 합니다. 은 는합니다.합니다.에 는 밤합니다.자고 은합니다.자고자고합니다. 대해 밤 자고한다. 대해 은을 이야기합니다.한다. 은 이 은 밤자고 대해합니다.을 은한다. 이 이야기자고 한다.합니다.자고 과 은
test_279,"은 은 은 은 에게에게 는 는 은에게 은 는 과 은 과 과 의 이 이 은 이 의 에게 는 과 이 의 가 에 을 와 를, 로 중국 진 비 조 세 주 원 부 에서에게에게 는에게"
test_280,은 은 은 과 과 는 에게 는에게 과 는에게 이 의 가 에 을 와 를 식 은 과 은 는 은 은에게 은에 이 의 이 의 가 가 에 와 을 를 식 스
test_281,은 는 L에게 e 에게에게에게 B에게e에게는 는에게 은e에게은 은에게 Me는은에게 Be 은 M 은 B M에게에에게ie는는 M는은는 은는은은 은은 M에 De은 Mi에 은i에게ane Mre B 은 M
test_282,는 은 과 는 은 과 에게 에 D 의 대해 의 이 과 은 은 은 는 은 과 는에게에게 은에게 는 는 과 는에게 과 과에게에게에 의 대해에에게 대해 의에게 대해에게 영화 설명 에서 영화에게의 설명에 는에 설명 영화에서
test_283,과 과 은 는 은 는 과 은 는 과 은 과 과에 의 의 이 가 이 가 의 이 가에게 에게에게 에 를 와 비 부 데 세 두 을 그 진 디 로 에 에 에
test_284,은 은 은 은 에게 과 는 이 의 가 J에게에게에게 에게 은에게 J J에 는 M에게 는에게 M 에에게 이에 는 이 B 이에게는 은 Jar에 M에 은e 의 는에게은는은 은 이 은합니다. e M합니다.에게 B에게
test_285,M에게에게 Mii에게 에게에게에게에에게e M에 에 M Mei Jie에게i에 M e에 J에게 J i M.에게. 은에게 초대에게는에게 은ii.e Maia에게합니다.i와 는 초대에에 초대i합니다.에게한다.i J에 Je합니다..
test_286,은 은 은에게에게 에게 는 는 는 이 이 이 은 은에게 은 는 은 이 가 의 과 을 소 가 가 의 의 과 과 을 을 소 도 도 도 은의 를 소
test_287,은 은 은 과 은 과 는 은 는 은 과 는 에게 의 이 가 에 와 중국 대해 원 을 를 에서 약에게에게에게 은에게에게 과에게에에게의에게 의 은에 은의 은 의 의에게 는의 대해 은 대해에게 이 은 이 는 는에게 대해의
test_288,은 과 에게 에 은 은 은에게 은에게에게 과 은 이 는 이 은 과 과 이 는 은 가 가 은에 은합니다. 은 는합니다. 합니다. 는합니다. 이 가 의 의 은을 은 의 가에게에게합니다.에 대해 은의 합니다.합니다. 는합니다.합니다.에게 는에 합니다. 습니다.
test_289,은 은 과 과 는 는에게에게 은 과 는 에게 이 가 의 에 비에 D에 이 가 의 에 비에 이 가 의 에 비 에 은 은에게 은에 과에에게
test_290,은 은 은 는 는 에게에게 는에게 이 이 이 과 가 의 에 과 가 의 에 와 를 팬 과 가 의 에 와 와 팬에게 은 은 는 은
test_291,은 은 에게에게 은에게에게에게 에 이 가 는 과 의 일 합니다. 에에게에 은 이에게 이 이 가 는 가 는 은 이 은 은 는에게 가에게합니다.에게 는 과 의 과 의에게을 하게 자고 할 을 하고 을합니다. 은 과 은 가 은
test_292,"M Mrr Merr M는 에게 r M합니다.r 설명 합니다. 설명r 설명r합니다.합니다.r 은 은 e 은 설명합니다. 설명 설명합니다.합니다. 은는에게 은 설명의, 는 은합니다.e은,의는합니다.의e 설명 은r은합니다.은 설명는 설명e합니다."
test_293,M 은 과 M에게에게rr M Mr는 M는 Me Monr 에게 M은 M에 M의 Ma는는에게 는 은 Man는 J는은 은는는 는 Mi는 B는. Jre 은. Mn는r은은 은은에게는에 는 B은 J은 는는 과 합니다.는 C는 P는e
test_294,M Mararr Mrar Mee M는 Miar는 J는 Jare Je 는 Jr는는에게 Mai M은 M에 Mane는은 Jae는 은 M의 Ji는 B M.i Janari 은 Bear 에게 J에 J은는. M합니다.e B B J. 은 J이 M J
test_295,"M Mii에게 ie 에게 Mei Mari 에게에게iy 은 Myiar 는 Ji. 는. M에게e Mri 은, e M에 과 M. 는 M, Mair r에게 Jee에게 은i,는. 은e 은 은에게에게 는i"
test_296,은 은 은 은 은 과 과 과 과 은에게에게에게 은 는 는 는 에게 는 과 과에게 과 는에게에게에 가 이 가 이 은에 가 이 에에 은을 의 의 의에에게 는에 는을 대해 과 은 은 가 은은 대해 은과
test_297,는 는 은 은 는 은에게 이 과 의 가 에 와 직 를 을 대해 부 약에 공 학 해 아이 에서에게에게 에게 는에게 은에게에게 이에게에 과 이 의 대해 에 은에 이 은 는 은 은
test_298,은 은 은 과 은 과 은에게 에 에게에게 은에에게에게에 은 는 과 는 은에게 는에게 과에 이 의 이 은 이 의 은을 은 가 가 은과 은 의에게을 에 을에게 이에게 는에 는 과에게 가에 과 는 가 에 은 에에 이 는 과 이
test_299,은 은 은 은에게 는 과 은에게 에게 은 는 은 과 M에게에게에게 는 는에게 과에게 가 가 과 는 과 가에게 이 이 이에게 M M 의 B S에게 에게 의 의에게 B에게 S B S에는 J에게에 에에게
test_300,은 은 에게 는 이 는에게 은에게 M에게에게 은에게 이에게에 에에게 M C e 가 의 J에게e에게 는에게 C에게의에게합니다.에게 가에게는 합니다. 은 T에게으로 대해 는에게은에게 Je Me M에에에 M합니다.에에합니다.합니다.
test_301,은 은 은 에게에게에게 이 이 가 가 이 가 는 의 과 우 와 을 도 를 주 로 의 세 부 소 증 으로 서 에 지 약 전화 한 에서 조 시 계좌 는 는
test_302,M Mrr Msr M ri Me Mii 은 에게 Pr의 Merr 은 Mar에게 M합니다.r P C B 의 e Wr합니다. M에게i합니다.i 은 은에게 은 은r에게r 의 Mkr B M의 A M 은합니다. s 이 는 M Pir C Mm
test_303,는 은 은 는 의 과 에게 이 가 공 에 비 도 두 중국 와 를 진 조 초 대해 설명 과 의에게 이 가 공 에 비 도 두 중국 와 를 대해 초 조 진
test_304,에게 은 에게 은 은에게 과 에게에게 은 은 과에게 과 과 은 과 과 는 는에게 는 은 는 의에게 의 에에게에 은 의 의 과 의 은 에 가 이 에 에서 M에게 에에에게의 의의에게 이에에서에게과에게에서에의에에의
test_305,은 은 은 은 B 은 B 에게 은에게에게에게에게 는 B 는 은 는 이 은 이 M에게 B에게 는에게 이에게 과에게e 의 A e에게 의 는 B M 과 는 가 에 r L y. 은에게에에게r에게 가에게는에게 M 의에게
test_306,은 은 은 은 은 는에게 에게 에게에게 은에게에게 는 는 는 는 은 과 과 과 과 은 이 이 은 의 은 가 의 이 이 의 가 가 은 대해에게 이에게 과에게 가에게 의 가 대해 대해 을 대해 의에게 을 을 은에 에 을에
test_307,은 은 는 과에게 의 이 가 에 을 를 대해 와 비 에서에게 는 은 은 은 는 과 에게 은 과 은에게 는 과에게 는에게 과 는 대해 이 의 대해 이 의 대해에게에게 대해 대해합니다. 가 합니다.합니다.에게
test_308,J 은 는 과에게 M에게에게 에게에게 Joo에게oano 는에게는 Jan는는는는 J는 은 은에게 은ooe o는은에게은 은은 은는o다.는다. 다.에게anan an에게eo은는e에게다.oi는 대해는 는 e
test_309,과 는 은 에게 의 이 가 에 과 과 는 과 과 은 과 과에게 과 의 과 이 과 가 과 에 와 에서 런던에 과 와 는에에게에게에게에에게에 에에에 는 는에게 는의 의 은의에게 은에 은에게의 은 는 는 은 은 는
test_310,은 은 은 은 은 는 는 은 과 과 은에게 은에 에게에게에게 이 는 과 는 과 이 은 의 은 이 가 은 학 의 대해 에 대해 은 대해 의 이에게에에게에게 는에게 과에게 대해에 은과 이야기에게 학에 대해에게 이야기에 는에 과에 대해 대해에
test_311,은 은 가 과 에게에게 에 는 이 가 이 초대 을 의 는 의에게 은 가 이 는 의 선물에 초대에 은에에게 은 은 가 은합니다. 전 은 이 대해 합니다. 은에게에게합니다.합니다. 가에게을 은 이 가 가합니다.합니다.
test_312,은 에게 은 은에게 는 는 과 과 가 이 의 와 에 를 을 아이 약 에 에서에게에게 은에게에게 는에게 과에게에 는 은 은 는 과 이 은 과 은 이 이 가 은 가 가 의 은 의 의에게 이에게
test_313,M 은 Tararaare Marrar Mrra Maae Manar Mea aan M는 Mena에게 Mkaon M. Mia는 에게 e에게ak Monaen M에게ear 는ai Myee는er rean an에게에게aran는는에게는ane.
test_314,"M 은에게에게 에게 에게에게 M에게e 는 는 은 과 과에게는 에에게에 에게 는 는에게 은 은에 이 는는에게 과 e에게 이e와 와에게와, M, T에게er T i 합니다.합니다. 하고 D"
test_315,은 은 는 는에게 과 이 의 가 에 을 를 와 영어 인터넷 대해 학에 말 설명 이 에게에게에게 에 과 대해 의에게에 은 는에게 영어에게 대해에게하고 영어 말 학 설명 이야기하고 자신의 합니다.
test_316,은 은 은 에게에게에게 는 는 는 은에게 은 은 는 가 이 의 과 에 을 와 를 부 M에게에게 는에게 가 가 가 은 가에게에 로 에에게 이에게 의에게의에게 을에게에게 에에게와에게 전화에게합니다.에게 전화를에게으로에게
test_317,에게에게 은 에게 은 은 은 는 는 이 가 이 가 은합니다. 은에게 은에 이 는 은 이 은 는 가 비행 항공 비행 비행합니다. 합니다.합니다.에 에 은하여 항공합니다.에습니다. 은 가습니다. 습니다. 항공 여행 여행합니다.하여 은 비행합니다.합니다.에게에게합니다. 비행
test_318,과 과 과 은 은 과 과에 은 는 에게 에 은 은 과 은 는 가 이 가 는 는 과 는 은에게 이에게 은을 의 식 음식 커피 을 식을 은 가 은에 음식을 가 이 은 이에게 식 의 커피을 과 가 과을
test_319,은 은 은 은에게 에게 가 가 이 이 는 는 의 의 과 과 도 에 도 약에게에게에게 가 가에게에 이 는 의으로 합니다. 으로 도합니다. 요청 의 수 가 이 가 가합니다.합니다. 가 은합니다.에게 은
test_320,은 은 은 는 과 과 과 는 는에게에게 에게 은에게 이 이 이 의 의 의 은 는 은 은 과 은 이 은 의 가 가 가 에 에 에 은에 을 을 을 를 를 를
test_321,에게 M Mrr Merrer Mir. Mar Jri Moron Monra Ms Me Mh Manro M.ran Marr L Mk Myrar M합니다.r Grer Menrhrsrkr Try M Jiiai..a. J Micr는 M Lr S M의 M Rr합니다. M
test_322,은 은 은 과 는 과 는 에게에게 는 은 은 는 과 은 과에게 은에게 이 가 의 에 와 을 진 를 비 부 두 로 코 세 에 스에게 는 는 과 는에게 과 과에게에게에 은 이 은 가 은 의 은
test_323,B 은에게 는 과 M에게에게 에게에게 은에게 B에게는 은 B 는는 은 B는에게 M M는 은 은 B는 B의 이 는 an에게 는에게 이에게은 은an r 다. 보고에게의 이은에게an다. 는 은 는 이 은는는
test_324,M 은 는에게 B에게rr 에게 에 M에 C 은 B에에게에게에게 은 은에게 Mr에 M. 의 는 rr M합니다.에 B 합니다. 이. 의합니다.. 는에게 는에 은 은 M은 C에 는합니다.합니다.r M에게합니다.은합니다.
test_325,"은 은 과 과 식 에게 에 는 은 은에게에게 은을 이 식 는 의 가 커피 을 식 은 는 은 과 은에 은합니다. 을 음식 은에게 는 이 가 의 과 식 메뉴, 와 합니다. 커피을을 은 이 은 식합니다. 은 가 은"
test_326,은 은 은 은 에게에게 는 은에게 은 는 과 는 과 의 이 의 은 과 은 의 이 은 이 가 가 은 가 는에게 과 의 이 가 와 에 약에게에게에 에에게 의에게 가에게의 과 대해 합니다.에게 이에게합니다. 주
test_327,"은 은 는 는에게에게 에게 이 의 는 은에게 은 의 이 이 의 은 는 은 은 이에게 는에게에게에 과 과 가 가합니다. 합니다. 설명, 위해 설명 은 의 는 이 은 과 은에 가 은 가 과에게 이 이 는 는 의에게 의 이 의 을"
test_328,은 에게 는 은에게 는 이 과 의 가 을 에 공 를 약 이 은 에게 는 이 은 은에게 은에 의 의 과 에 과 가 의 가에게에에게에게 는에 은의 은 이에게 이에 대해 은 는 은 의 은
test_329,"은 는 과 에게 이 은 은 는 는 은 는 은 는 은 과 는 과 과 은에게 는에게에게에게 은의 의 가 D 의 은 의 은에 책을에게에게의 는 의 는에 은 이 는 이에게에 는의에게, 은, 은 가 은와 위해 와 는 가 는,에게 의"
test_330,"은 은 는 는에게 에게 의 의 이 이 과 과 가 가 에 에 을 을 와 와 를 를 로 로 원 원 주 주 부 부에게에 , 에서에게 은 은 는 은"
test_331,은 은 은 는 는 이 이에게에게 이 는 에게 과 의 가 부 와 진 를 에 을증 약 인 도 자동차 지 기 고 조 등 공 세 속 로 만 전 서 시 증
test_332,S 은 M에게에게에게 에게 Me에게 J에게ee Ma에게aae Manea Jean aan에게ana Mi에게는 eai 는 Mare Ja는aone는에게 은e 은 an Mona는 Jia에에게ii M에 y 합니다. 은에게합니다.e합니다.
test_333,은 에게 은에게 컴퓨터에게에게에게 은 이 는 이 이에게 이 은 은 이 은에게 컴퓨터 컴퓨터 가 의 과 는 컴퓨터 는 컴퓨터 가 의 과 인터넷 에 대해 을 설명 사용 공 합니다. 의 은 는 은 컴퓨터 이 컴퓨터에 은 가 가 은 의 과 은 과
test_334,"과 은 는 이에게 의 에 가 을 를 와 부에 대해, 두 에서에 과 은 는 이에게 의 에에 는 과 은 이 에게 의 에에게 는에에게에 는에게에게합니다.에 은에 과에게 은에게 이"
test_335,는 은 에게 는에게 이 은 이 는에게 은 이 의 과 컴퓨터에게에게 는에게 이에게에 설명 에 의 의 설명에게 은에게 의에게 정보를에게 설명합니다. 가 합니다.에 설명합니다. 컴퓨터 의 인터넷 을 알려 위해 해 제공 정보 정보를
test_336,은 은 은 은에게 에게에게 과 과 는 은에게 은에 는 과 은 과 는 프에 가 가 은 는 이 은 가 이 가 이 프에게에게에에게 가에 의 에게 는에 은렌에 가에게과 레스토랑에 레스토랑을 와 로 을 레스토랑과 레스토랑
test_337,은 은 은 은 에게 는 은에게 은 는 과 은에 이 에 의 가 을 와 로 에에게에게에게에게 는 는 는에게 이 은 이 과 의 은을 주문을에게 주문에 이을 주문과 소 메뉴을 주문를 합니다. 커피을 은 주문합니다.을 주문
test_338,은 은 은 는 는 은 은 는 는 는 의 의 과 에게 이 과 은에게 이 가에게 의 은 의에게 은 과 과 가 은에 은 이 은 가 이 가 에 을 커피 을 에 과에에을 커피에에게에게을에게 는에 는에게 의에
test_339,에게 은 에게 은 과에게 은에게에게 는에게 r에게 M에게ir Mr Mi에게는에게에에게ri 는 는 에 는는에 e에게e T에게ar에게 Ti에 Meie L에게은에게. 은는 Man에 은i M an에게 Li
test_340,J 은에게 J에게 에게e Je에게 Ji에게에게 은i 은 는 e 는 대해 Mii의 대해 은 는 은 은 J에 Me 은에게 는e J의는 는an 이 과 에 이 과 I ane에게 대해 Iie 는 대해 은
test_341,"은 은 은 는에게 과 이 M에게 에게에게에게 은에게 는에게 T에게 과에 는 은 은 는 이 는 이 과 T에에게에 은e Me에 T을 는 은 B J에게er에게 이을는은 은er 대해, 의 은을 은 이 은 M에"
test_342,"은 는 은 는 에게 의 이에게 은 는 은 은 는 는에게 의 이 가 과 과 의 이 은에게 는에게 은 의 은 이 과 가 가 부 를 와 진 에 을 , 치 B 부 를"
test_343,은 과 는에게 이 의 가 에 대해 와 부에서에 를 약 도시에게 에게에게에게 는에게 은에게 이 은 는 이에게에 과 대해 에 는 은 는에 는 는 은 대해 이 은 은에에게 대해에게의 의 이야기
test_344,과 과 은 은 는 는 과 은 는 의에게 이 가 에 을 대해 비 공에서 와과 를에 이야기 연 환경 피 도시 약 에서의 학 지 외 두 열 전이 다양한 대한
test_345,과 은 은 은 과 는 은에게에게 는 는 과 은에 에게에게 는에게에게에 은 대해 이 이 은 은 는에 이 대해 대해 은 이에게 은와 은 과 의 에에게 대해에 는 는 대해에게다.에게 이에은 은 대해 는 이야기에 이 대해 의 은 의에게합니다.에게
test_346,은 은 과 과 은 은 과 는 는 은 과 과 은에게에게 에게 는 N M에게에게에 M에에게 은에에게 는에게 과에 이 이 S N에 은의 S에 과에게의에게은에게 M 에 는 이 은 는e 은 대해 e은e에게 이에
test_347,"은 은 에게 이 에게 이 는 는 의 과 가 에 을 토 와 를 로 부 진 B, 지 D 비 운전에게 은 은 은에게에게에게 이 은 이 이에게 는 은 는 는에게 의에게 과에게 가에게 가"
test_348,은 은 은 은 는 는 에게에게 과 과 은에게 과 는 은 는에게 은 과 이 이 의 의 은 이 은 의 가 에 가 은에 에 이 의 에 은과 가 을 은 에 로 에 에서 과에서과에게에게 과에게 는에게
test_349,은 는 은 은 은 은 는 는 에게 은에게 의에게 의 은 의 이 은 이 과 은 과 가 은 가 이 는에게 는 는에게 의 는 의 이 과 과 가 을 은 을 에 필 은 을 가 는 과 는합니다. M 를 증 와
test_350,은 에게 은 은에게 이 는 가 의 과 M에게에게에게 은 은에게 이 이 이 은 이에게 는 는 는 은 는에게 가 가 가 은에 A 의 의 은 가에게 의 과 과 은의 J에에게 M에 M A B에게 A A에게 B에 이 이
test_351,에게 은에게 은 는 는에게 은 는 과 이 의 가 와 에 B 을 를 에 에서 M에게에게 은에게 는에게 이에게 의에게에에게에서에게의에게 과에게합니다.에게 가에게으로에게 설명에게와에게과에게 와에게로에게 를에게를 합니다. 이
test_352,은 은 과 는 에게 에에게 는 과 이 이 가 의 가 의 에 에 을 을 와 와에 비 부 에서 대해 밤에게 은 는 과에게 은 은 는 은 과 은에게 는 는 과 는에게
test_353,"은 는 는 는에게 에 과 에게 은 이 의 이야기 합니다. 설명 다른 하며 생각 컴퓨터 은 는 은 과 는합니다. 는 설명 는한다. 하며, 대해 한다. 는 과 과 은 은 의 의 는 는 좋아 하고, 는 의 의 은에게 는 이야기 이 는하고, 가 인터넷 게임 의"
test_354,J 은에게 과 는 M에게에게 에게에게 J에게 은an 은 Janan는ean에게 Mani 는 Mian Je 는 은 은 은 J는 e 은에게는 Jiy 은 는 은는에게ei은 과 은y 은 은 Mee J에 an 은e에게
test_355,은 은 에게 에 을 은에게 는 는 는 은 은 는에게 은과 과 가 이 의 와 과 가 이 과 의 와 과 은에게 가 은에 은을 의 이 은합니다. 을 합니다. 과 은로 식 파티 와 에 드 저녁
test_356,은 과 과 에게 에에게 는 는 의 은 이 의 이 가 가 설명 중국 설명 중국 에 에에서 방 대해 와 에서 방 대해 와에 과 약과 과 은 는에게 의 이 가 방
test_357,에게 J J에게에게ai에게 에게 Mii Jis Jsi s Jass에게sa a J을 Ms을 J합니다. Je Jeri합니다. es Ma합니다.에게합니다.i M을에게i을 M합니다.합니다.se 합니다. Meia을s합니다.a에게e에게을aaer ie Mer합니다.ea Mr합니다.을합니다.er
test_358,은 은 는 는 은 은 은 는에게 과 이 의 가 M에게에게에 에게 에에게에게 는에게 은에게 과 와에게와 이 과에게과 가 과에게 이에게이 부에 은에 는 이 은 이 과 은와 은 과에 부 의에게. 을.에게 가에게
test_359,은 은 은 은 과 은에게에게에게에게 는 는 에게 은에 에 는 은 는에게 는에 은합니다. 과 합니다. 은 이 이 과 이 은 과 이 가 가 은을 의 을 에 을 은 가 가합니다.합니다. 의 은 을 은 의에 을 의 을 는
test_360,은 에게 은에게 e에게에게에게 M에게는에게 C에게 T에게ee 는 T에에게의에게 은e는는 Me에 B 은 C는 은에게은에게 Be는는e 은는 M 는 과에게에 B에게 Re의 M는 Te합니다. 이 an R는 B는은
test_361,은 은 은 에게에게에게 는 는 는 이 이 이 가 의 과 와 을 다 에 도 진 를 약 전 대해 에서에게에게합니다. 가 의 과 와 을 다 도 에 약 진
test_362,"과 는 은에게 의 이 가에서 중국 에 와 약 대해 두 를과 경제 을의,에 구 연 에서 설명 비 경 과 과 는 는 은 은 에게에게 의 의 의 이 과 는에게"
test_363,과 과 은 은 과 은 는 는 는에게에게 에게 이 이 이 가 가 가 의 의 의 에 부에 와 비에 에에 에에게에게 은에 은에게 과에에 과에게에 는에 이에 가에 부에게의
test_364,은 에게 이 은 은 은 은에게에게 은 이 는 가 의 과 을 와 진 도 를 부 조 에 서 한 약 책 로 책을 두 고 이에게 이 는 은 는 는 의 가 과 은 의 의 은에
test_365,는 은 의에게 과 이 가 에 를 을 와 보 부 대해 초 볼 로 공에 B S D 지 다 그 에서에게 는 의 은 에게 는 은 의에게 는 는 은 는 의 는에게 의 의 은 은 의
test_366,은에게 은에게 은 에게 는 는 의 이 과 가 를 은행에게 은에게에게 이 이 이에게 의에게에 는 설명 의 위해에게 설명에게의 에 설명 의 위해 합니다.에게 는 설명에에게합니다. 설명 설명 이 이 은 설명합니다. 위해합니다. 안내
test_367,은 은 은 은 는 은 는에게 은에게 에게에게에게 이 이 는 는 이 가 가 의 의 은 이 은 가 은 의 과 과 은합니다. 에 합니다. 가 의에게 이에게 는에게 가에게에에게합니다.합니다. M합니다.에게 M에게하여 위해 B A M에 M합니다.
test_368,"는 는 은 은 의 에게 과 이 가 와 에 를 을 세 부 두 , 아이 조 로 에 약에게 의 이 식 식 주문에에에게 는 의 은 주문, 주문을,과 과"
test_369,은 은에게 는 의 이 설명 에게 은 는 이 의 설명합니다. 가 합니다. 은에게 은 은 는에게 는 은 이 이 은합니다.에게에게합니다.합니다. 의에게 는합니다. 설명 은 의 은 설명에게 이 이에게 의합니다.에 학 대해 에 가 대출 대출합니다.의 약 하고 위해
test_370,에게에게 은 는 는에게에게 는 가 이 은에게 은에게 이 의 과 가에게 가 은 이에게 는 은 은 는 가 의 이 의에게 의 과에게 과 대해 와 영어에게 대해에게하고 합니다. 대해합니다. 에 설명 하고에 이야기에게에에게 이야기 이야기
test_371,"은에게 의 에게의에게 은 이 에 는 로 합니다. 의의 이에게에게합니다.합니다.의 은에게 은의 이합니다.에게 이 이 은 은합니다. 는 의, 설명 위해 대해 습니다. 가 을 합니다.합니다. 은 이에게 은 이합니다. 이 는 은 는에게 는합니다.합니다. 는 이 의에"
test_372,은 은에게 에게 과 는 는 은 은에게 은에게에게 는 과 과 이 이 가 가 의 의 에 와 스 을 코 부 비 를 로 아이 잭에게에 에 의 에에게 는에게 이에게 과에게
test_373,은 은에게 에게 과 는 의 이 가 에 와 를 을 부 집에게에게에에게에게 과 과에게 은에게 는 는에게 의 의에게 이 이에게 가에게합니다.에게과 가 합니다. 에 과합니다.에 대해 부 두 대해과 은
test_374,은 은 은 는 는 에게 은 은 는 은에게에게 이 이 의 의 과 가 을 와 에 를 M에게 는에게 는 는에게에게에 약 D 도 은에 가 이 가 은로 전화 에 의에게 가에게 이 은 이에게 의
test_375,은 은 은 은 은에게 에게에게에게에게 은에 는 는 이에게 는 는 은 는에게 이 이 은 이 이 과 M에게에 M에에게합니다.에 은을 은 의 B 는 에 의에게은 의 은합니다.에게 M합니다. 가 합니다. 은 의는 은는 는에 는 는는
test_376,은 은 는 에게에게 과 는 은 는 과 이 이 가 의 학 에 대해 새 을 에 와 비 를 약 인터넷에게에게 은 은에게에게에 가 이에게 이 과 가에게 는 은 는 는 이 은에에게 가 대해
test_377,은 은에게 은에게 에게 이 는 과 가 의 B에게에게에 이 는 M에게e 이 는 M 의 의 B B에 M에e 에에게의 e에게 은e 은 은에게 이에 은 이 은 는에게 는e 이에게 Mee
test_378,"M Mrr Mar Me Mii Mk M합니다.합니다. M는 M. Merr Jr합니다. J합니다.i 는 에게 M에 M의 Man합니다.는는r는 Ji합니다.에게 합니다.은 M에게합니다.의. 은 r에게는에게 J의 J에 an Mar합니다.에는합니다. J은는. J는 s M을 M한다. M, M"
test_379,는 는 과 과 은 은 는 과 은에게 M에게 에게에게 는 는 과 는의 B 이 의 I M의 이 B은 은 의 이에게에게에 P D 는 의 는은은 는에게 은 는에는 B 는는 I에 는과 과
test_380,은 은 는 에게에게 은에게 이 는 는 이 이 가 과 의 과 과 가 가 의 의 우 에 와 비 D 은 는 은 은에게 은의 에서 지 소 를 다 부 고 초 B 우
test_381,"은 는 과에게 T의에게 Tr의 에게 은 은에게에게의에게 는의 이 는 이 는 T합니다.의 는합니다.합니다. M의 은 설명 은 과 설명 설명 는에게합니다. 설명합니다.에게 은의 설명의 T 설명 설명, 의 이 은합니다.r 대해 는 B의합니다.,합니다."
test_382,은 은 은 는 은 는 은 는 는 는 과 은에게 에게에게에게 은 이 은 과 이 과 과 는에게 는에에게에게에 J에게 이에게 M에 은에 이 J에 M에게의 G에게 J 이 M의에게 과에게i에 는의 G 에 이 는..에게 D에게
test_383,B 은 은 Ma는 M는에게 에게 M은 은 B 는 B에게는에게 Mr는 B M에 은는 M에게에게 B는는 은 은에게는은은 M은 B B은 은 B 은은에게 은는 S는 T은 T는의 는 T에 M 에 는 M의 M
test_384,은 은에게 과 는 의 이 가 에 을 제에게 에게에게에게 은에게 과에게 는 과 는 과 은 는에게 이 이에게에 가 의 에에게의에 이 은 과 은에 은의 에 는 시험에게는에 과 과에 시험에에
test_385,에게 은 에게에게 은 은 는 의 이 과 가 약 을 를 에 비 S B 와 진으로의이 인터넷에게에게 은에게 는에게 의 의 의에게 이 는 이 는 이에게 과에게의 과 의 과 가
test_386,에게 은 은 은에게 는 과 는 과 M에게 에게 은에게에게e 이 이 는 M 의 의 이 은 은 는 는에게 는e 의에게에 는 과 e에게 이에게 과에게 M 에 가 가는 가에게는에게 의 M 에게 가 은e
test_387,은 은 은 는에게 에게 는 이 과 의 가 을 에 대해 를 직 비 공 새로운 진 의 S 부 과 이 의 가 을 에 를 대해 직 비 공 진 새로운
test_388,은에게에게 은 은에게 에게에게 은 의 이 의 이 는 는 의 이 은 은 의 은 이 는 과 합니다. 가 대해 과 가합니다. 대해 과 은을 을 설명 설명 진 부 를 을 을 부 진 를
test_389,"은 은 은 은 는 은 는 과 은에게에게 에게에게 은에 의 는 과 설명 에 의에게에게에 는 의 설명에에게 는에 은 설명 설명에게 설명에 는 설명 는에게 과에 설명합니다.에 과합니다., 대해 이 합니다. 설명 은 과에게합니다., 대해합니다. 과"
test_390,은 은 은 은 은 는 은에게 에게에게에게에게 은에 는 가 이에게 는에게 이 은 이 의 과 은 은 가 은합니다. 대해 에에게에 은은 이 은을 합니다. 은 의에게은 이 이 는 는 가 가에게 가합니다.합니다.에게 이야기 한다. 는 을 은 대해은에게
test_391,"은 은 는에게 과 이 의 가 에 와 부 학 직 를 을 약 대해 자신의 공, 진 독의 비 전 상 연 설명 라는이 경제에게는 경에 고 강 는 은 는 과"
test_392,Mr에게에게r Mer Jrr Jee Mire Mane Jie에게 er Jerei 에게 Merri Mar는 ran Mone는 Moean i Jorer 는e합니다. anr합니다. Msr. 합니다.eo M합니다.rs o k s M
test_393,D 은에게 은 D에에게an에게 에게에게에게 은an 은에게 Dane에게 M에 은 은 Me D에게에 Man 는에게e 은 은 M에게는 e D 은에 M의 는에게 는에 De에는 은 는 은ee Mian에 M는 는 은 anan
test_394,은 에게 과 는 B에게에게에에게 에게 은 에게 은에 는 과 는 B에는에게는 은에게e에 은 은 은는 M에는 는에게 는에는는 는 은 과 은e 이 은 J에 B는에 는e 이에게합니다.에 과에 이e에게은은에게 이에
test_395,은 은 은 에게에게에게 는 는 과 이 과 이 는에게 은 은 는 과 이 가 가 가 의 의 의 은에게 과에게에게 이에게 는 은 이 은에 직 에에게 가에게하고 대해에게 의에게 직 직에게이 이에게에 은 대해 합니다. 하고에게
test_396,은 은에게 는 에게 은 은에게 은에게 는 이 과 의 가 와 을 를 에 로 스에게에게에 이 의 과 가 와 을 를 에 로 스에에게의 에 는에게 는 이에게 이 가
test_397,과 과 과 과 은 은 에게에게 는 는 과 은 은 과에게에게 과 는 는 은 는 이 이 과 이 의 의 에 에 과 의 이 은 은에게 은 이 의 과 에에게에게 는 는에게 이 는에 가 와 에서 대해 에서에 가 와에서 대해
test_398,은 는 은 은 은에게 에게에게에게에게 은 이 는에게 는 는 는 은 는 이 설명 의 에 학 과 가 대해 합니다. 대학에게에 설명 의에 이 의 설명 대해 대해에 은에에게 이 은 이 는에 는 이에게 의에게 설명에게 대해에게합니다.에게 학
test_399,에게 에게 은 에게 은에게에게에에게에게 가에게 이 에 이에게 과에게 는에게 의 가 의에게는 는 에에게의에게가 는 은 이에 가 는 의합니다.에게합니다.에 은에 이 은 은 은 이 이 이에에에 가 은 가 가 이 가에 는에합니다. 가에게
test_400,은 는 에게 의 이 의 과 대해 가 에 합니다. 설명 은 은 은 은에게 은 는 은 이 은 의 은 과 은에에게 는 이 의 과 가 은 가 대해 은 대해에 은 는에게 이 의 과 가 대해 은 을 을 은 약에게에게
test_401,은 에게 이 는 의 가 과 M에게에게 L에게 에게 에게 은에게 M L L 은 은 는에게 는 M Lr에게 이 M L 이에게 의 는 의 이 의에게 가에게 J에게 B에게 C에게 T에게er J C L합니다. 가 의 B r 합니다.에게
test_402,은에게 은 은 에게 은에게에게에게 은 이 M에게 Mararr Mr Me B에게 이 이에게 Bare Mar Myrar 는 ae B 의에게 는ar에게ra e에게 의 rr B Mire 는에게a에게e 은 M 과에게에
test_403,은 은 은 은 에게 에게 는 과 이 은에게에게 은 는 는 은 과 과 는 과에게에게 는에게 과 은 이 가 의 을 에 를 와 부 설에게 이 이 이에게 의 은 의 의 의에게 가에게에 비에 가
test_404,"은 은 은 은 에게 는 과 이 의 가 에 와 을 를 부 아이 진 초대 약, 고 두 결혼에게에게 에게 은에게에게 는에게 과에게에에에게 이에게 대해에게 가 는 과 이 가에게와 의 에 에"
test_405,는 는 은 은 과에게 의 이 가 대해 직 경제 대한 다른 새로운 비 와하고 난 를 진 을 고 대학의에 경 공 부 해 에해에서 학은 큰는'새 문제이
test_406,과 은 은 과 는 는 과 은 는 은 은에게 에게에게에게 은에에게에 이 가 이 가 의에게에게 파티에 이에게을에게 는에 의 파티 에 은 파티 파티 파티에게과 에 을 과에게 이에 는에게 의에 파티 의 은을 은 는 파티
test_407,은에 에 은 과 을 는 에게 과 는에게 는 은 은 과 과에 은에게 은을 은 는 은 D에에게에게 는에 과 은 는에게에게 과에게에 과는 은는는 는 디에 는을 M에는 과 는한다. D에게을 는 는 과을 과 D 은한다. B에
test_408,과 은 는 과 과 과 과 은에게 은에게에게 은 는 는 은 은 는 는 에게 은에 이 이 가 의 대해에 의 대해 가 에 이 은 과 는에 과에 는에게에게에 은합니다.에 이에에게 과합니다.합니다.에게 는 대해 은하고 합니다.합니다. 은 이 는합니다.
test_409,에게에게에게 을 가 은 가 은 가 은 는 는 과 과 는 과 의 의 의 이 이 이 에 에 에 을 을 을 로 로 로 를 를 를 와
test_410,M 은 Marari에게 Mani Mai M는 Mian Me 는 에게 i는에게에게는는 은 에게는 은에게 은는 Jiiaaan 은 M에 M에게ie Mon는은 J는에 M합니다.는a는 는 M은에게 Jae에게은 은 은i에에게에는 이 M a에
test_411,"과 은 에게 과 과에게 은 는 의 가 이 는 은에게 는 의 가 이 담배에게 과 과 은 과에게 은 은에게에게 는에게 의에게 이에게 가에게 을에게에 에에에게 을 과 에서 에 을, 설명 과 을,"
test_412,과 과 은 과 과 C 은 C 과 은 과 C에게 에게에게에게 은 는 의 는 는 은 은에게 과의 B 이 의 의 이 에 비 B 이 비 가 과 에서 는 은 의에게에에에게의 비에게 은에 은이
test_413,은 은 은 는 는에게 에게 는에게 은 는 은 은에게 가 가 의 의 이 과 이 과 가 은 가 의 이 과 은 의 은 이 는 는에게 는에 은 과 와 에 은에 는 가에게에 와 은의에게 이에게에게 가에에게
test_414,과 은 는에게 이 가 의 와 에 을 를 은 과 는에게 이 가 의 와 에 을 를 은에게 은 은 과 과에게에게 에게 과 은 과 에에게에에에 은 는에게 는에 과에 은에 는 과 는 는
test_415,은 은 Marr에게에게 Mrararon에게 Me M의에게r Mer Maar Mir 에게 Je J의 M는 Monar 는에게의 Ce에게 은i M에 M. M은 Manar는. ar Jrr 은 M합니다. Mkare Jari r에게는 J합니다.합니다.
test_416,은 에게 에 의 가 합니다. 이 는 주 구매합니다.합니다. 은 은 은에게 은 은 주 은 의 은 는 은 가 은합니다.에게 주 는 의 가합니다.에게 는 주 의 가합니다.에게에게합니다. 주에게 는합니다.입니다. 주 주문합니다. 는에게 주합니다.을 세 소 입니다.
test_417,은 은에게 e 에게에게 B B 과 과 는 는 은 은 는 이 Me Jee B에게에게e에게 은e B은 은은에게 B에 는 이 에는e 은 Beae은 과에게에는 M에 은에에게합니다. 합니다.에
test_418,J Jane에게 Jeanan 에게 e Jonan Jiee Me는 an에게에게e Mani 는 J합니다.ei J에 J는에게는는e합니다. 합니다. J에게an합니다.에게합니다.an에 ae에게 M합니다.합니다.는 M에게에에게i합니다. M는an는합니다.oneon i에게e에eaan M에합니다.에
test_419,은 에게 는 과 이 의 M에 에 J에 에게 은 이 에게에게 은에게 은에 은의 는 M과 은 B J의 은과은 은 은을 는 합니다. r 과 은합니다.합니다.에 M합니다.의 M의합니다. 은a합니다. M을 은r 은은합니다.과합니다.을합니다.r
test_420,"은 은 은 은 과 과 은 과 는 는 은 는 과 는에게 이 의 가 M에게 이 은에게 은의 M에게 에게에게의 C C M에 의 F 이 B 의 의 C M의 은 Mar의 Mr B L의에게 M, F"
test_421,은 은 은 은 에게 M에게에게에게 Mr에게 이 이 Mer에 는 B 이 M에 이에게 M합니다.r M의 r A 는 는r B에게합니다.에에게 은rr 은에게에 은합니다.합니다.에게r합니다.의 A 의 Cr에 이 은 이에게 는 은 M
test_422,은 은에게에게 는 은 에게 는 는 이 이 과 과 의 의 에 이 의 가 과 은에게에게 이에게 은에에게에 위해 설명 위해에게합니다.에게 는에게의 설명에게 대해에게하고에게 의에게 설명에 설명합니다. 대해 하고 합니다.에 은합니다.합니다. 대해
test_423,은 은 은 과에게 에게 과 는 과에게에게을 이 가 식 을 는 가 는 가 이 이 을 의 합니다. 소 을 식 식 을을을 은을에게 의 의합니다.합니다. 소를 를 소
test_424,은 은 은에게 의 는 에게에게 의 이 이 는 의 은 은에게 은 의 는 은 는 가 가 이 은 이 가 과 과 을 을 를 를 도 도 에 에 와 와 약 약에게에게 의에게
test_425,은 은 은 S S에게에게 에게 Mrr M M에게 M에 B r e 가 에 Mer에게 Mer P 은 이 합니다. 이 C 는 는 J에에게에에게 은 M과 가 L M합니다.e M하고 의 부 Tr합니다. M이 M가 M을
test_426,M 은에게 에게 은 는 과 이 M에게e에게에게에게 Mone Me Jonaar Mrr에게aeeeaonr erai Mie는 Maan Manon Mer에게ionon에게raer Moron aoii 는에게는 ana에게
test_427,은 은 은에게에게 과 는 에게 는 과 는 D D 이 가 이 가 의 의 M에게 은에게에게 과에게 D에게의에 S A는에에게 가에게에 이 가 과 Dr에게 는에게 이에게는 에는의
test_428,은 은 은에게에게 에게 은에게에게 과 과 는 는 과 는 이 이 은 은 는 은 과 은에에게 이에게 과에게 는에게에 가에게 가 의에게 의 이에 가 의 대해 에 의 대해에게 대해합니다. 에 에서에게에게합니다.에게하고에게
test_429,에게에게 는에게 는에게에게 는 은 은에게 은 대해 대해 설명 의 의 과 는 대해 는 는 은 은 은 는 는 과 설명 과 이 가 이야기 합니다. 말 에서 이 는 의 은 설명에게 의에게 대해에게 설명 설명합니다.에게 과에게 대한 대한에게에합니다. 말에게합니다.
test_430,"Tr Mrr 설명 r합니다. 합니다. 설명 설명합니다. 설명합니다.합니다. 설명합니다.rr 설명r M합니다.er M 설명, 은 B 는,합니다. 은합니다., 은 설명 은, 설명 B합니다.에 T합니다.e W합니다.a합니다.습니다. 이 A합니다.i L합니다.의 e합니다. B 설명습니다.합니다. M"
test_431,은 은 은 은 는 는 이 에게 가 의 과 을 를 에 와 부 조 도 시 두 약 는에게 이 가 의 과 을 를 에 와 부 조 도 시 두 약
test_432,S 은 Sarare Mari Me에게 Mrar Mer Maarr Ms Mie M는 Manar aea M에게 에게에게ear에게a합니다. M합니다.araai 는 M. M에 Men합니다.에게는aan Myar합니다..araer 합니다.a는에게. s에게에게합니다.e는는
test_433,에게 은 은 은 은에게 은에게 A A 과 M에게 에게에게에에게 이에게 B에게의 B 이 이 는에게는 이 는는에게 는의에게은에게 M에 e에게 대해의 는 는 B에는 대해에게합니다.에은 대해 의 대해합니다. 합니다.에게 설명
test_434,은 Anr 에게에게 e 은 Brre Ber에게에게ri 은 는 Me에게 은r는은 은 은에게 은는 은에게 Bir의 an Je 은 Banr B 은e는에게는ranan 은은 Mrn 는 r는는은에게은는
test_435,은 은 는 은 은 는 는 에게 은에게에게에게 이에게 는에게 는 는 이 의 은 은 이 은 의 가 과 에 M에게에에게 이 는에 을 에 은 M에 는의에게 의에게의 그 은. 으로 의 은 가에게 M 과 함께 와 대해 설명
test_436,은 은 은 에게에게 가 가에게 가 이 이 는 는 이 는 은에게 은 은 가 은 이 은 는 의 과 에 을 기 도 와 택시에게에게 가 가에게 이 가 이에게 는에게 의 과 의 은 과 은에 은 의 기 은 기 의
test_437,"은 은 에게에게 은에게에게에게 B에게 B 는 M에게 는에게 M 이 에 는 e에게 이에게는에게에에게e 은. 가 A y 의 합니다.에게은에게 가에게.에게 A에게y에게합니다. 대해 r L J에게 의에게 J, 그 와 S에게 대해에게,에게r"
test_438,은 은 은 은 에게에게 는 는 의 의 은에게 는 의 에게 은에에게에 이 이 가 가 과 에 과에 이 가 과에 은합니다.에게에게 의에게합니다.에 의합니다. 합니다.합니다.과 과과 위해 위해에게을 수 이 설명
test_439,은 은 은 은 과 과 는 는 은 과 은에게 에게 는 이 은 는 과 이 의 가에게 은에에게에게에 이 가 에 에 의에 은을 소 대해 합니다. 을 하고 부 전 과 를 제안합니다. 은 이 가 은합니다.에 는
test_440,은 은 은 는 는 은 는 는 는에게 은에게 에게에게 는에게에게에에게 결혼에게 대해에게 결혼에 대해 는 결혼 에 대해 결혼 대해에 는에 대해 은 은 대해 결혼 결혼합니다.에게는에게 이 은 이에게다.에게은에게하고 다. 만나에게합니다. 대해 는 대해 대해는는 은 결혼
test_441,은 은 는에게 는에게 의 이 가 과 직 부 와 명 을 를 에 조 전 약 진 B 고 두증 인 이 가 의 과 직 부 명에게 은 는 에게
test_442,은 은 은 은에게 에게 는 는 은에게에게 은 는 는 이 과 과 이 은 이 가 은에 은 과 은 가 에 가 에 의 의 은 에 은 의 이에게에게 는에에게 이 과 가 에 의 을 을 브에게에 브
test_443,"은 은 과에게 는 과 에게 에에 e에게에게에게 은에에게에 은에게 과에 은은 는은, 은 은 은을 M에 과e 는 과 이,는 은 과에게은에게 는에 는에게을 은 는 은 는 과 은e 이과 M은에"
test_444,은 은 는 과에게 이 가 의 에 을 스에 에게 에에게에게에게에 은에게 은에 는 이 과 에서 의 는에게의에게을에게 는에에 은의 는 이에게 과에 이에 과의 은 은 의 의에게 수 가 에
test_445,B 은에에게 에 은 에게 은 은 B B에 은는 은에게 은는 는 은 M에에게에에게 는 은 B 은은은 은 는에 B는 M는에게에게는에 는합니다.는 는합니다. 과 은합니다.에는 는에게합니다.합니다.은에게 는는는은는 B합니다.에게은는
test_446,과 과 에 을 은 는 에게 를 가 에 과 저녁에 은에 은 은 은 과 은 과 는 은 는에게 은을 은에게 는에게 과에 과 과 는에 는을 과에게에에게 는 는에게에게을 저녁 이 합니다. 을 자고 의 한다. 파티 다. 은 음식
test_447,은 은에게에게에에게 과에게의 는에게 에게에게 은에 과 는 M에게e에게 과 이 은 은에게 는 은 는 과 은 은 과 는 이 가 의 은의 M에 은e 가 의 B에게는에게 이에게 M 가에게합니다.에는 은 가 은합니다. 은 이 M
test_448,은 은 은 은 은 는 는 은에게 에게 은합니다. 이 가 의 를 을 합니다. 은 이 은 의 은 가 은에 과 은의 와 습니다. 를 카드 에 은를 은 를 은 을 은 은 과 의 은습니다. 는 는에게에게 이 이 의 의 가 가
test_449,과 과 은 은 는 는 과 은 는 에게 의 이 가 에 비에게 의 이 가 에 비 에서 을 대해 와 를 조 인터넷에서 대해 을 를 와 조 에서의 의 인터넷에게
test_450,은 은 은 에게 는 는에게 는에게 과 과 이 의 의 이 가 가 의 과 이 가 에 을 와 피 로 를 에서에게에게에 에에게로에게 은에게 는에게 이에게 의에게 가에게으로 과 으로에게을
test_451,"은 는 은 은 는 는 의 이에게 가 과 에 를 와 을 부 조 세, 공 약 이 이에게 의 에게 의 가 가 과 과 에 에에게에게의"
test_452,"는 는 은 이 과 에게 의 가 를 에 와 대해 중국 진 을 에 부 , 에서 설명 은 는 는 는 은 이 과에게 의 가 를 에 와 대해 중국 진 을에 부,에서"
test_453,은 은 은 는 는 과 과에게 는 은 은 는 과 은에게에게 은 과 에게 이 이 이 은 이 의 의 의 가 가 가 은에 에 에 에 와 와 와 을 을 을 를 를 를
test_454,"은 은 은 는 는에게 에게 과 과 이 이 의 의 은 은 는 은에게 은에 에 가 을 와 를 , 약 부 에서에게에게에에에게에게 는에게 이에게 의에게 가에게을 가 여행에게 과에게의 대해의 에"
test_455,은 은 은 은 과 에게 은 과 과 과 과에게 가 은에게 가 의 은 가 의 는 은 의에게 가에게 과 은 는 는 이 은 이 이 는 의 이 비 에 와 은을 은 비 비 비 은과 을 를 로 세
test_456,"은 는 은 는 의 과에게 이 가 에 와 를 을 중국 부,의에 진 비 에서 은 는 은 은 는 의 과에게 의 과 은의 이 이 에게 의 가 가 은에게 은 의 는 는의 은"
test_457,Tee T에게에게eae 에게 e에게 Mei M합니다.e M에게는 T는e는에게a합니다.합니다. a는 M 합니다.에게 T합니다.에 는a에게합니다.는 T에 M에에게에e합니다. T 에aa에는합니다. M는는에게 M한다. Je에 T한다. Mr합니다.a 은 B합니다.i M은 Ma
test_458,에게에게 은에 에에게 은에게에에 은을 은 에게 는 은 은 은 는 과 가 이 은 을 은 는에게 가 은 가 이 은다. 은 이 과에게 이에게 가에게합니다. 다. 합니다. 은 과 은한다. 한다. 은은 은합니다.에게 는에에게다.에게 과에 는은에게은다.
test_459,은 은에게에게 는 는 은 에게 는 과 이 의 가 M에게에게 은 은 는 은에게 과에게에 J에게 는에 J에 J에에게 J M에 은에 는에게 M의 이 에 J의 이에게 이의에게합니다. 가 의는 의 는
test_460,은 은 은 은 이에게 는 의 과 가 목 을 부 약 를 진 에 와에 전 스에게 은 이 은에게 이 에게 이에게 이 이에게에게에 는 는 의 가 에 의에게의 가에게 는에에게
test_461,에게에게 는 는 은 은에게 는 은 의 의 이 이 가 가 과 과 의 이 가 과 에 에 책 책에게에게에 진에에게 는에게 은에게 의에게 이에게 책 진에게 가에게 추천 책을 설명책 도 소개 이야기
test_462,은 은 는 는 에게에게 과 과 이 의 가 와 에 를 을 학 비 에 의 이 가 와 에 를 을 학 비 에서에 에서에게에게에게 는에게 은에게에에게 과에게 이에게
test_463,은 은 은 에게에게 는 는 은 은에게 는에게 은 는 이 의 의 이 은 의 은 이 가 은에 가 과 과 와 와 을 을 에 를 의 이 가 은 가 에 를 약 티켓
test_464,은 은 과 는 에게 과 는 은 은 은 과 과 은 는 는에게 이 가 의 에 에 을 와 과 식 를에게 은에게에게에 은에 이 이 가 가 은과 은 이 은 가에게과 의 은 의 식 은을 와 을 의
test_465,은 은 는에게 은 는 는에게 에게 의 과 이 가 부 와 에 를 을 약 B M에게에게에에게 는에게 은에게 전화에게의 전화 전화 전화 에 이 의 가 의에게로 설명 알려에게 의에게합니다.
test_467,은 에게에게에게에게 은에게 는 과 은 은 은 는 과 이 의 가 에 에게서에게에 에에게 는에게 이 이에게 의에게 가 가에게 과에게의 대해 이 위해에게합니다. 의 는에 대해에 는 이 은 는 는 이 는 은 이 이
test_468,M 은 는 M에게에게 e 에게 M 는 은 과 과 M 는는 는 이 이 의 의 가 가 T 에 T에 과 은에게 M는는 는 는 은 Mr는 은 은 는는 Me B J B에 M에 C 은 이
test_469,은 과 은 는 는 은 과 이 에게 의 가 에 을 비 를 해 중국 약 는 과 이 이에게에게 의 의 가 가 에 에 을 을 은에게 은 은 는 는 과 는 은 과 은 이 는 이 은
test_470,은 은 는에게 이 의 과 가 에 S 와 를 B 공 을 유 비 영어 중국 학 약 M 설명 대해 인터넷의에 직 독 자신의가 말 A이 한 동에서 는 은 는
test_471,은 은 은에게에게 는 는 에게 는 은 은에게 은 는 과 과 의 의 이 가 이 가 과 은에 이 의 가 와 를 을 에 M에게에게에 계좌에 계좌에게 는에게 의에게 이에게
test_472,은 은 은에게 는 이 과 의 가 을 를 에 부 스에게 에게에게에게의 구매의 이 이 는 는 의 구매 의에게 이의 구매에의에게 는의 이에게 은에게에에 에 가 가의
test_473,M Mrooe Mono Mer Mer Morr Jreo Jee Jara Mano Mae Joaoi Mko는 Miea Jane는 Jiok M는 ai 는aaan M합니다.e Jk Jonr oan Jeroer J합니다.o합니다.i J는
test_474,은 은 은에게에게 에게 는 는 는 이 이 이 은 은에게 은 이 가 가 가 의 M에게에게 는에게 M에 M L J에게 이에게 의 B 의 M J에에게에 B에게을 L에 은에 의 은 는 은 Mi 에 M의 위해
test_475,은에게 과 A 은 은에게 에게 은 은에게 과 M에게에게에에게 는 는 는에게 과에 y에게는 과 에y B 을 는는에게y에 은에 는 은y B에게은 이에게과 e 에서 은에게 이 S에게을에게e에y 은는 은
test_476,M Marare Maari Me 에게 Mrar M는 Mie에게 는 aaea M합니다.a ee는에게에게는ai r M에 Mane J Je합니다. M. M에게e은 M i는는 Jar합니다. Mer Myer 은 합니다.에게 Ja합니다.ean an M의 M은e M
test_477,은 은 은 은에게 과 은에게에게 에게 에게 은에 과 는 이 의 가 에 는 이 은 는 은 이 는에게 는에 이 의 은 과 과에게 과 가에 은합니다.에게 이에게 의에게에 는합니다.에에게합니다. 대해 은의 합니다. 은 가 은 대해 위해 을 진
test_478,은 은 은 은 는 은 는 과 에게 이 은 과 는 과 는 과 은에게 은 이 B 의 M에게에게에게 는에게에게 과 는의 S에게 이에게 M에에게에 C에게의에게이.에게 C에 이 이 M의 Cr 은에게 대해 o에 는에 은에
test_479,은 과 과 과 은 은 은 과 과 에게 는 과 는 은 은 는에게 과에게 은에게 는 이 과 이 은 이 에 의 과 의 은 의 이 는에게 이 에 과 에에게 는에게에게 이 는에 에에게에에에 은에 는 대해에게 대해 대해 대해 대해 은 대해 는 는
test_480,과 은 는에게 가 이 의 에 식 와 를 을 디에 드에 과 은 는 에게 가 에에게 은 과 는 이 이 가 의 의 에 에 와 와 식 식 을 을 디을
test_481,은 은 은 은 은 는 은 과 은에게 에게 은에 이 는 의에게에게에게에게 이 은 의 가 은 이에게 의 은 가 과 이 는 가에게을 과 을 을 의 이 는에게 는 가 과 두 에 에 은을 은과 은 을 은 두에게 가에과을
test_482,은에게 은 에게 은에게 M에게에게 M Mr J에게 Jrr M Me r에게 은 Mer 의 e M에 L 이 s에게e에게rer Mi Ms 는 A에게er에게 Lr Jerr에 M합니다. 에에게ir Marr 은에게 의 M Rr합니다. M
test_483,과 은 과 은 과 은 는 는 의 의 이에게 가 에 부 을 와 를 공 직 상 비 인터넷에게에에 는 에게 의 가 에에게 가 이 이에 는에 은에에게 는 는 은 는 과 는
test_484,은 은 는 는 과에게 과 는 은 과에게 이 M에게 에게 은에 D 의에 이 이에게 는에게에게 이에 의 M에에게에 은에게 의에 는에 이의 비 비 가 의 은 는 은 은의 비 은 이 은과 가에게의 은 과 은합니다.
test_485,은 에게 는에게에게 에게 에게 은 은 은에게 는 는 이 과 합니다. 이에게 이 는 은 는 이 은 은 이 가 의 가에게 전화 에 한다. 전화에게에에게 과에게한다.에게합니다.에게 의에게 전화를 자고 다. 이야기 니다. 하고 대해 을 한다. 을 전
test_486,은 은에게 과 는 과 에게 e에게에게에게e Me 은에게 은e M의에게 M에게ie Mi o에게 이 이에게oe 은 은o 의에게에에게는 는에게의 는에게합니다.e는는 M합니다. 은에게은 Tei에게 과에게re 이e
test_487,은 은 은 은 과 과 는에게 는 에게 은에게에게에게에 은에 파티에에에게 는에 는 은 는에게 파티의 이 은 파티을에 는을 은 이 가 은을 에 과 에 파티과 은 과 은합니다.에 이 파티에게을 파티합니다. 의 은한다. 합니다. 은 가 대해 은과
test_488,M Monr Mronon Me Manrr에게 Mionan M. Merr 에게re ran aner.ro Mar Mori Msr는 Marr에게에게 one에게anoni. r Lr B M에 M합니다.r Jr합니다. M는 oonaanan에게eon
test_489,은 은 과 는에게 이 가 의 B에에 에게 는 과 이 M에에게에게에게 은에 은에게 는의는 는은 에 은의 은e e T에는 은 은는에게는 는 은 는에게에 는에 이 은e 은는는 는에 Me에
test_490,"D 에게 은r에게 r 에게 은 은 에에 r B B 는 는 B 는 은 은r 은 는 의 이 의 은에게 은합니다. C 은 B 은, 합니다.합니다.에,을,합니다.에게에게에에게r에게합니다.에 은에r합니다.rr, 은"
test_491,은 Ja에게에게에게에게 i 에게 Jei에게 Mi Mai Jar 은 J에 Mee 는 는 e에게 은 은 은 M에에게에 Mari 은 Jie M을 에 은에는e 는에게는e 은에게은 Da에 M는는 은는에게
test_492,은 은 은 은 과 과 은에게 에게 은에 은 는 은 는 과에게에게에게에게 는 는에게 과 에에게에 은합니다. 이 은 이 가 은한다. 은 가 합니다. 은 에 은다. 에 한다. 대해 은 이야기에게한다.에 는 는 과 과 는에 이에 는한다. 가 는다. 은 의 은 대해
test_493,은 은 과 에게에게에게에게 에 은 과 는 는에게 은에게 과에게 는 가 가 과 는 은 는 가에게에 은에 의 이 에 와 이 이 의 에 을 에에게와 와 의 은와에게 가에 는에 은 은 과 과에
test_494,은 은 은 에게에게에게 는 는 과 과 는 은 은에게 과에게 은 는 과 은 과 이 이 의 이 의 의 가 가 가 은의 와 을 에 도 공 를 부 약 에게는에게에게에에게 는에게 이에게 의에게
test_495,은 은 에게 C에게arar 에게 ary Mare y에게에게yari C B 는 Jaran 은 e에게ear에게 Meary Mie Myanar M에게에 는. 에에게는ee는에게은e Car의 Pei은는ey
test_496,은 에게에게에게에게 과 은 은 는 는 는 과 에 이 의 D 가 에 의 B 과에게 은에게 는에에게의에게 이에게 D에게er에게 B에게에 이 D 의에게 과에 는에게 C에게에서 에서에게과에게 대해에게 이야기에게와 대해 Cer 이야기
test_497,은 A 은 은 은 A D에게 과 는 은 A 은r B에게 D B 에게 B 이 D 는 이 는 Mrr에게에게ris Lr 이 Wre r 은에게 Dricr B에게 은isr D에게 Br에 비 Pr 는 M
test_498,M Manan에게 Mean Mie Mae에게 e Mran 에게에게ei M에 M 은 M에게ane 은에게에게 은e 은 는 M는 Jeea Moe는에게는는 은 은 Meraai에게에 r Msa 은 Mare에게aan 은ar i
test_499,B 은 M에게ee 에게 e 은 은에게 은e에게 Me에게 B 은 은 B 은에 M 는 은 M 는 는 은에게 B에게에게는 이 은 는에게는 M Mre M는 Jer J에게에에 Mae B Man 에 은는에게 는e 는 M에 Be
